ID,#,NAME,EQUATION,EC-NUMBER,GENE ASSOCIATION,LOWER BOUND,UPPER BOUND,OBJECTIVE,COMPARTMENT,MIRIAM,SUBSYSTEM,REPLACEMENT ID,NOTE,REFERENCE,CONFIDENCE SCORE,C,N,O,S,P
MAR13078,,PROTEIN_BS,0.6 alanine[c] + 0.377 arginine[c] + 0.2881 asparagine[c] + 0.359 aspartate[c] + 0.145 cysteine[c] + 0.386 glutamate[c] + 0.322 glutamine[c] + 0.538 glycine[c] + 0.143 histidine[c] + 0.324 isoleucine[c] + 0.564 leucine[c] + 0.57 lysine[c] + 0.138 methionine[c] + 0.219 phenylalanine[c] + 0.313 proline[c] + 0.43 serine[c] + 0.386 threonine[c] + 0.044 tryptophan[c] + 0.182 tyrosine[c] + 0.416 valine[c] => [protein][c],,,,,,,bigg.reaction/PROTEIN_BS;vmhreaction/PROTEIN_BS;sbo/SBO:0000176,Protein assembly,,,,0,32.5694,9.3852,16.5863,0.283,0
MAR07197,,,[protein][c] + serine[c] => [protein]-L-serine[c] + H2O[c],,,,,,,vmhreaction/HMR_7197;sbo/SBO:0000176,O-glycan metabolism,,,,0,3,1,2,0,0
MAR00477,,,2 bile-PC pool[e] + PC-LD pool[e] + PE-LD pool[e] => phospholipids extracellular pool[e],,,,,,,vmhreaction/HMR_0477;sbo/SBO:0000176,Pool reactions,,,,0,32,4,24,0,3
MAR03537,,,"cholesterol-ester plasma pool[l] => 0.0001 cholesterol-ester-10,13,16,19-docosa[l] + 0.0001 cholesterol-ester-10,13,16-docosa[l] + 0.0001 cholesterol-ester-10-hepta[l] + 0.0001 cholesterol-ester-11,14,17-eico[l] + 0.0001 cholesterol-ester-11,14-eicosa[l] + 0.0001 cholesterol-ester-11-docose[l] + 0.0001 cholesterol-ester-11-eico[l] + 0.0001 cholesterol-ester-12,15,18,21-tetracosa[l] + 0.0001 cholesterol-ester-13,16,19-doco[l] + 0.0001 cholesterol-ester-13,16-docosa[l] + 0.0001 cholesterol-ester-13-docose[l] + 0.0001 cholesterol-ester-13-eicose[l] + 0.0001 cholesterol-ester-13-octade[l] + 0.0001 cholesterol-ester-15-tetra[l] + 0.0041 cholesterol-ester-4,7,10,13,16,19-doco[l] + 0.0001 cholesterol-ester-4,7,10,13,16-docosa[l] + 0.0071 cholesterol-ester-5,8,11,14,17-eico[l] + 0.0001 cholesterol-ester-5,8,11-eico[l] + 0.0001 cholesterol-ester-5-tetra[l] + 0.0001 cholesterol-ester-6,9,12,15,18,21-tetra[l] + 0.0001 cholesterol-ester-6,9,12,15,18-tetraco[l] + 0.0001 cholesterol-ester-6,9,12,15-octa[l] + 0.0001 cholesterol-ester-6,9-octa[l] + 0.0001 cholesterol-ester-7,10,13,16,19-docosa[l] + 0.0001 cholesterol-ester-7,10,13,16-docosa[l] + 0.0406 cholesterol-ester-7-hexa[l] + 0.0001 cholesterol-ester-7-octade[l] + 0.0001 cholesterol-ester-7-tetrade[l] + 0.0001 cholesterol-ester-8,11,14,17-eico[l] + 0.0001 cholesterol-ester-8,11-eico[l] + 0.0001 cholesterol-ester-9,12,15,18,21-tetra[l] + 0.0001 cholesterol-ester-9,12,15,18-tetraco[l] + 0.0001 cholesterol-ester-9-eicose[l] + 0.0001 cholesterol-ester-9-heptade[l] + 0.0001 cholesterol-ester-9-octa[l] + 0.0001 cholesterol-ester-9-tetrade[l] + 0.0518 cholesterol-ester-arach[l] + 0.0001 cholesterol-ester-cis-vac[l] + 0.005 cholesterol-ester-dihomo-gamma[l] + 0.0001 cholesterol-ester-docosa[l] + 0.0001 cholesterol-ester-eico[l] + 0.0001 cholesterol-ester-gamma-lin[l] + 0.0001 cholesterol-ester-heneico[l] + 0.0001 cholesterol-ester-hepta[l] + 0.0001 cholesterol-ester-hexacosa[l] + 0.0001 cholesterol-ester-hexecose[l] + 0.0001 cholesterol-ester-laur[l] + 0.5254 cholesterol-ester-lin[l] + 0.0061 cholesterol-ester-linolen[l] + 0.0081 cholesterol-ester-myrist[l] + 0.0001 cholesterol-ester-nanode[l] + 0.1958 cholesterol-ester-ol[l] + 0.138 cholesterol-ester-palm[l] + 0.0001 cholesterol-ester-palmn[l] + 0.0001 cholesterol-ester-penta[l] + 0.0132 cholesterol-ester-stea[l] + 0.0001 cholesterol-ester-tetraco[l] + 0.0001 cholesterol-ester-trico[l] + 0.0001 cholesterol-ester-tridec[l]",,,,,,,vmhreaction/HMR_3537;sbo/SBO:0000176,Formation and hydrolysis of cholesterol esters,,,,0,-16.764,0,0,0,0
MAR03622,,,"cholesterol-ester plasma pool[r] <=> 0.0001 cholesterol-ester-10,13,16,19-docosa[r] + 0.0001 cholesterol-ester-10,13,16-docosa[r] + 0.0001 cholesterol-ester-10-hepta[r] + 0.0001 cholesterol-ester-11,14,17-eico[r] + 0.0001 cholesterol-ester-11,14-eicosa[r] + 0.0001 cholesterol-ester-11-docose[r] + 0.0001 cholesterol-ester-11-eico[r] + 0.0001 cholesterol-ester-12,15,18,21-tetracosa[r] + 0.0001 cholesterol-ester-13,16,19-doco[r] + 0.0001 cholesterol-ester-13,16-docosa[r] + 0.0001 cholesterol-ester-13-docose[r] + 0.0001 cholesterol-ester-13-eicose[r] + 0.0001 cholesterol-ester-13-octade[r] + 0.0001 cholesterol-ester-15-tetra[r] + 0.0041 cholesterol-ester-4,7,10,13,16,19-doco[r] + 0.0001 cholesterol-ester-4,7,10,13,16-docosa[r] + 0.0071 cholesterol-ester-5,8,11,14,17-eico[r] + 0.0001 cholesterol-ester-5,8,11-eico[r] + 0.0001 cholesterol-ester-5-tetra[r] + 0.0001 cholesterol-ester-6,9,12,15,18,21-tetra[r] + 0.0001 cholesterol-ester-6,9,12,15,18-tetraco[r] + 0.0001 cholesterol-ester-6,9,12,15-octa[r] + 0.0001 cholesterol-ester-6,9-octa[r] + 0.0001 cholesterol-ester-7,10,13,16,19-docosa[r] + 0.0001 cholesterol-ester-7,10,13,16-docosa[r] + 0.0406 cholesterol-ester-7-hexa[r] + 0.0001 cholesterol-ester-7-octade[r] + 0.0001 cholesterol-ester-7-tetrade[r] + 0.0001 cholesterol-ester-8,11,14,17-eico[r] + 0.0001 cholesterol-ester-8,11-eico[r] + 0.0001 cholesterol-ester-9,12,15,18,21-tetra[r] + 0.0001 cholesterol-ester-9,12,15,18-tetraco[r] + 0.0001 cholesterol-ester-9-eicose[r] + 0.0001 cholesterol-ester-9-heptade[r] + 0.0001 cholesterol-ester-9-octa[r] + 0.0001 cholesterol-ester-9-tetrade[r] + 0.0518 cholesterol-ester-arach[r] + 0.0001 cholesterol-ester-cis-vac[r] + 0.005 cholesterol-ester-dihomo-gamma[r] + 0.0001 cholesterol-ester-docosa[r] + 0.0001 cholesterol-ester-eico[r] + 0.0001 cholesterol-ester-gamma-lin[r] + 0.0001 cholesterol-ester-heneico[r] + 0.0001 cholesterol-ester-hepta[r] + 0.0001 cholesterol-ester-hexacosa[r] + 0.0001 cholesterol-ester-hexecose[r] + 0.0001 cholesterol-ester-laur[r] + 0.5254 cholesterol-ester-lin[r] + 0.0061 cholesterol-ester-linolen[r] + 0.0081 cholesterol-ester-myrist[r] + 0.0001 cholesterol-ester-nanode[r] + 0.1958 cholesterol-ester-ol[r] + 0.138 cholesterol-ester-palm[r] + 0.0001 cholesterol-ester-palmn[r] + 0.0001 cholesterol-ester-penta[r] + 0.0132 cholesterol-ester-stea[r] + 0.0001 cholesterol-ester-tetraco[r] + 0.0001 cholesterol-ester-trico[r] + 0.0001 cholesterol-ester-tridec[r]",,,,,,,vmhreaction/HMR_3622;sbo/SBO:0000176,Formation and hydrolysis of cholesterol esters,,,,0,-16.764,0,0,0,0
MAR00034,,,3-carboxy-alpha-chromanol[c] + gamma-CEHC-glucuronide[c] => vitamin E derivatives[c],,,,,,,vmhreaction/vitaminE;sbo/SBO:0000176,Artificial reactions,,,,0,37,0,14,0,0
MAR10034,,Fatty acid pool formation and breakdown,"fatty acid pool[r] <=> 0.0004 (10Z)-heptadecenoic acid[r] + 0.0004 (11Z,14Z)-eicosadienoic acid[r] + 0.0004 (11Z,14Z,17Z)-eicosatrienoic acid[r] + 0.0004 (13Z)-eicosenoic acid[r] + 0.0004 (13Z)-octadecenoic acid[r] + 0.0004 (13Z,16Z)-docosadienoic acid[r] + 0.0038 (4Z,7Z,10Z,13Z,16Z)-DPA[r] + 0.0004 (6Z,9Z)-octadecadienoic acid[r] + 0.0004 (6Z,9Z,12Z,15Z,18Z)-TPA[r] + 0.0004 (6Z,9Z,12Z,15Z,18Z,21Z)-THA[r] + 0.0004 (7Z)-octadecenoic acid[r] + 0.0004 (7Z)-tetradecenoic acid[r] + 0.0004 (9E)-tetradecenoic acid[r] + 0.0004 (9Z,12Z,15Z,18Z)-TTA[r] + 0.0004 (9Z,12Z,15Z,18Z,21Z)-TPA[r] + 0.0004 10,13,16,19-docosatetraenoic acid[r] + 0.0004 10,13,16-docosatriynoic acid[r] + 0.0004 12,15,18,21-tetracosatetraenoic acid[r] + 0.0004 13,16,19-docosatrienoic acid[r] + 0.0004 7-palmitoleic acid[r] + 0.0004 8,11-eicosadienoic acid[r] + 0.0004 9-eicosenoic acid[r] + 0.0004 9-heptadecylenic acid[r] + 0.0014 adrenic acid[r] + 0.1083 arachidonate[r] + 0.0004 behenic acid[r] + 0.0004 cerotic acid[r] + 0.0004 cis-cetoleic acid[r] + 0.0004 cis-erucic acid[r] + 0.0004 cis-gondoic acid[r] + 0.025 cis-vaccenic acid[r] + 0.0278 DHA[r] + 0.0215 dihomo-gamma-linolenate[r] + 0.0059 DPA[r] + 0.0004 eicosanoate[r] + 0.0004 elaidate[r] + 0.0116 EPA[r] + 0.0029 gamma-linolenate[r] + 0.0004 henicosanoic acid[r] + 0.0004 lauric acid[r] + 0.0004 lignocerate[r] + 0.1915 linoleate[r] + 0.0084 linolenate[r] + 0.0004 margaric acid[r] + 0.0004 mead acid[r] + 0.0133 myristic acid[r] + 0.0004 nervonic acid[r] + 0.0004 nonadecylic acid[r] + 0.1545 oleate[r] + 0.0115 omega-3-arachidonic acid[r] + 0.222 palmitate[r] + 0.0219 palmitolate[r] + 0.0004 pentadecylic acid[r] + 0.0004 physeteric acid[r] + 0.1498 stearate[r] + 0.0025 stearidonic acid[r] + 0.0004 tricosanoic acid[r] + 0.0004 tridecylic acid[r] + 0.0004 ximenic acid[r]",,,,,,,sbo/SBO:0000176,Pool reactions,,,,0,-16.9524,0,0,0,0
MAR05156,,,261 ATP[c] + 3 glycyl-tRNA(gly)[c] + 262 H2O[c] + 3 L-alanyl-tRNA(ala)[c] + L-arginyl-tRNA(arg)[c] + L-asparaginyl-tRNA(asn)[c] + 13 L-aspartyl-tRNA(asp)[c] + L-cysteinyl-tRNA(cys)[c] + 3 L-glutaminyl-tRNA(gln)[c] + 9 L-glutamyl-tRNA(glu)[c] + L-histidyl-tRNA(his)[c] + 8 L-isoleucyl-tRNA(ile)[c] + 10 L-leucyl-tRNA(leu)[c] + 7 L-lysyl-tRNA(lys)[c] + 5 L-methionyl-tRNA(met)[c] + 3 L-phenylalanyl-tRNA(phe)[c] + 5 L-prolyl-tRNA(pro)[c] + 3 L-seryl-tRNA(ser)[c] + L-threonyl-tRNA(thr)[c] + 4 L-tyrosyl-tRNA(tyr)[c] + 6 L-valyl-tRNA(val)[c] => 261 ADP[c] + 334 H+[c] + mitoApo-[ACP][c] + 261 Pi[c] + 3 tRNA(ala)[c] + tRNA(arg)[c] + tRNA(asn)[c] + 13 tRNA(asp)[c] + tRNA(cys)[c] + 3 tRNA(gln)[c] + 9 tRNA(glu)[c] + 3 tRNA(gly)[c] + tRNA(his)[c] + 8 tRNA(ile)[c] + 10 tRNA(leu)[c] + 7 tRNA(lys)[c] + 5 tRNA(met)[c] + 3 tRNA(phe)[c] + 5 tRNA(pro)[c] + 3 tRNA(ser)[c] + tRNA(thr)[c] + 4 tRNA(tyr)[c] + 6 tRNA(val)[c],,,,,,,vmhreaction/HMR_5156;vmhreaction/r1097;sbo/SBO:0000176,Protein assembly,,,,0,452,103,143,6,0
MAR00551,,,"0.0005 (10Z)-heptadecenoyl-CoA[c] + 0.0005 (11Z)-docosenoyl-CoA[c] + 0.0005 (11Z)-eicosenoyl-CoA[c] + 0.0005 (11Z,14Z)-eicosadienoyl-CoA[c] + 0.0005 (11Z,14Z,17Z)-eicosatrienoyl-CoA[c] + 0.0005 (13Z)-docosenoyl-CoA[c] + 0.0005 (13Z)-eicosenoyl-CoA[c] + 0.0005 (13Z)-octadecenoyl-CoA[c] + 0.0005 (13Z,16Z)-docosadienoyl-CoA[c] + 0.0005 (15Z)-tetracosenoyl-CoA[c] + 0.0124 (4Z,7Z,10Z,13Z,16Z)-docosapentaenoyl-CoA[c] + 0.0269 (4Z,7Z,10Z,13Z,16Z,19Z)-docosahexaenoyl-CoA[c] + 0.0005 (5Z,8Z,11Z)-eicosatrienoyl-CoA[c] + 0.0043 (5Z,8Z,11Z,14Z,17Z)-eicosapentaenoyl-CoA[c] + 0.0005 (6Z,9Z)-octadecadienoyl-CoA[c] + 0.0027 (6Z,9Z,12Z,15Z)-octadecatetraenoyl-CoA[c] + 0.0005 (6Z,9Z,12Z,15Z,18Z)-tetracosapentaenoyl-CoA[c] + 0.0005 (6Z,9Z,12Z,15Z,18Z,21Z)-tetracosahexaenoyl-CoA[c] + 0.0005 (7Z)-octadecenoyl-CoA[c] + 0.0005 (7Z)-tetradecenoyl-CoA[c] + 0.0031 (7Z,10Z,13Z,16Z)-docosatetraenoyl-CoA[c] + 0.0101 (7Z,10Z,13Z,16Z,19Z)-docosapentaenoyl-CoA[c] + 0.0005 (8Z,11Z)-eicosadienoyl-CoA[c] + 0.0179 (8Z,11Z,14Z,17Z)-eicosatetraenoyl-CoA[c] + 0.0005 (9E)-octadecenoyl-CoA[c] + 0.0005 (9E)-tetradecenoyl-CoA[c] + 0.0005 (9Z,12Z,15Z,18Z)-tetracosatetraenoyl-CoA[c] + 0.0005 (9Z,12Z,15Z,18Z,21Z)-tetracosapentaenoyl-CoA[c] + 0.0005 10,13,16,19-docosatetraenoyl-CoA[c] + 0.0005 10,13,16-docosatrienoyl-CoA[c] + 0.0005 12,15,18,21-tetracosatetraenoyl-CoA[c] + 0.0005 13,16,19-docosatrienoyl-CoA[c] + 0.0005 5-tetradecenoyl-CoA[c] + 0.0053 7-hexadecenoyl-CoA[c] + 0.0005 9-eicosenoyl-CoA[c] + 0.0005 9-heptadecenoyl-CoA[c] + 0.2118 arachidonyl-CoA[c] + 0.0266 cis-vaccenoyl-CoA[c] + 0.0228 dihomo-gamma-linolenoyl-CoA[c] + 0.0005 docosanoyl-CoA[c] + 0.0005 eicosanoyl-CoA[c] + 0.0012 gamma-linolenoyl-CoA[c] + 0.0005 heneicosanoyl-CoA[c] + 0.0005 heptadecanoyl-CoA[c] + 0.0005 hexacosanoyl-CoA[c] + 0.0005 hexacosenoyl-CoA[c] + 0.0005 lauroyl-CoA[c] + 0.0019 linolenoyl-CoA[c] + 0.0678 linoleoyl-CoA[c] + 0.0056 myristoyl-CoA[c] + 0.0005 nonadecanoyl-CoA[c] + 0.136 oleoyl-CoA[c] + 0.0005 palmitoleoyl-CoA[c] + 0.0678 palmitoyl-CoA[c] + 0.0005 pentadecanoyl-CoA[c] + 0.3553 stearoyl-CoA[c] + 0.0005 tetracosanoyl-CoA[c] + 0.0005 tricosanoyl-CoA[c] + 0.0005 tridecanoyl-CoA[c] => acyl-CoA-LD-PI pool (liver tissue)[c]",,,,,,,vmhreaction/HMR_0551;sbo/SBO:0000176,Pool reactions,,,PMID:16137928,0,17.595,0,-3.55E-15,0,0
MAR07616,,,[protein][c] + tyrosine[c] => [protein]-L-tyrosine[c] + H2O[c],,,,,,,vmhreaction/HMR_7616;sbo/SBO:0000176,Protein modification,,,,0,-1,-1,-1,0,0
MAR00553,,,"0.0001 (10Z)-heptadecenoyl-CoA[c] + 0.0001 (11Z)-docosenoyl-CoA[c] + 0.0001 (11Z)-eicosenoyl-CoA[c] + 0.0001 (11Z,14Z)-eicosadienoyl-CoA[c] + 0.0001 (11Z,14Z,17Z)-eicosatrienoyl-CoA[c] + 0.0001 (13Z)-docosenoyl-CoA[c] + 0.0001 (13Z)-eicosenoyl-CoA[c] + 0.0001 (13Z)-octadecenoyl-CoA[c] + 0.0001 (13Z,16Z)-docosadienoyl-CoA[c] + 0.0001 (15Z)-tetracosenoyl-CoA[c] + 0.0016 (4Z,7Z,10Z,13Z,16Z)-docosapentaenoyl-CoA[c] + 0.0081 (4Z,7Z,10Z,13Z,16Z,19Z)-docosahexaenoyl-CoA[c] + 0.0001 (5Z,8Z,11Z)-eicosatrienoyl-CoA[c] + 0.0003 (5Z,8Z,11Z,14Z,17Z)-eicosapentaenoyl-CoA[c] + 0.0001 (6Z,9Z)-octadecadienoyl-CoA[c] + 0.0025 (6Z,9Z,12Z,15Z)-octadecatetraenoyl-CoA[c] + 0.0001 (6Z,9Z,12Z,15Z,18Z)-tetracosapentaenoyl-CoA[c] + 0.0001 (6Z,9Z,12Z,15Z,18Z,21Z)-tetracosahexaenoyl-CoA[c] + 0.0001 (7Z)-octadecenoyl-CoA[c] + 0.0001 (7Z)-tetradecenoyl-CoA[c] + 0.0032 (7Z,10Z,13Z,16Z)-docosatetraenoyl-CoA[c] + 0.0018 (7Z,10Z,13Z,16Z,19Z)-docosapentaenoyl-CoA[c] + 0.0001 (8Z,11Z)-eicosadienoyl-CoA[c] + 0.0001 (8Z,11Z,14Z,17Z)-eicosatetraenoyl-CoA[c] + 0.0001 (9E)-octadecenoyl-CoA[c] + 0.0001 (9E)-tetradecenoyl-CoA[c] + 0.0001 (9Z,12Z,15Z,18Z)-tetracosatetraenoyl-CoA[c] + 0.0001 (9Z,12Z,15Z,18Z,21Z)-tetracosapentaenoyl-CoA[c] + 0.0001 10,13,16,19-docosatetraenoyl-CoA[c] + 0.0001 10,13,16-docosatrienoyl-CoA[c] + 0.0001 12,15,18,21-tetracosatetraenoyl-CoA[c] + 0.0001 13,16,19-docosatrienoyl-CoA[c] + 0.0001 5-tetradecenoyl-CoA[c] + 0.0229 7-hexadecenoyl-CoA[c] + 0.0001 9-eicosenoyl-CoA[c] + 0.0001 9-heptadecenoyl-CoA[c] + 0.0521 arachidonyl-CoA[c] + 0.0217 cis-vaccenoyl-CoA[c] + 0.0023 dihomo-gamma-linolenoyl-CoA[c] + 0.0001 docosanoyl-CoA[c] + 0.0001 eicosanoyl-CoA[c] + 0.003 gamma-linolenoyl-CoA[c] + 0.0001 heneicosanoyl-CoA[c] + 0.0001 heptadecanoyl-CoA[c] + 0.0001 hexacosanoyl-CoA[c] + 0.0001 hexacosenoyl-CoA[c] + 0.0001 lauroyl-CoA[c] + 0.0119 linolenoyl-CoA[c] + 0.281 linoleoyl-CoA[c] + 0.0024 myristoyl-CoA[c] + 0.0001 nonadecanoyl-CoA[c] + 0.4226 oleoyl-CoA[c] + 0.0001 palmitoleoyl-CoA[c] + 0.12 palmitoyl-CoA[c] + 0.0001 pentadecanoyl-CoA[c] + 0.0384 stearoyl-CoA[c] + 0.0001 tetracosanoyl-CoA[c] + 0.0001 tricosanoyl-CoA[c] + 0.0001 tridecanoyl-CoA[c] => acyl-CoA-bile-PC pool[c]",,,,,,,vmhreaction/HMR_0553;sbo/SBO:0000176,Pool reactions,,,PMID:3111757,0,16.881,0,0,0,-4.44E-16
MAR09735,,,[protein]-L-citrulline[c] + H2O[c] => [protein][c] + citrulline[c],,,,,,,vmhreaction/HMR_9735;sbo/SBO:0000176,Protein modification,,,,0,1,1,1,0,0
MAR05155,,,372 ATP[c] + 6 glycyl-tRNA(gly)[c] + 373 H2O[c] + 11 L-alanyl-tRNA(ala)[c] + 9 L-arginyl-tRNA(arg)[c] + L-asparaginyl-tRNA(asn)[c] + 8 L-aspartyl-tRNA(asp)[c] + 2 L-cysteinyl-tRNA(cys)[c] + 7 L-glutaminyl-tRNA(gln)[c] + 5 L-glutamyl-tRNA(glu)[c] + L-histidyl-tRNA(his)[c] + 4 L-isoleucyl-tRNA(ile)[c] + 20 L-leucyl-tRNA(leu)[c] + 4 L-lysyl-tRNA(lys)[c] + 5 L-methionyl-tRNA(met)[c] + 3 L-phenylalanyl-tRNA(phe)[c] + 9 L-prolyl-tRNA(pro)[c] + 8 L-seryl-tRNA(ser)[c] + 6 L-threonyl-tRNA(thr)[c] + 4 L-tyrosyl-tRNA(tyr)[c] + 11 L-valyl-tRNA(val)[c] => 372 ADP[c] + apo-[ACP][c] + 496 H+[c] + 372 Pi[c] + 11 tRNA(ala)[c] + 9 tRNA(arg)[c] + tRNA(asn)[c] + 8 tRNA(asp)[c] + 2 tRNA(cys)[c] + 7 tRNA(gln)[c] + 5 tRNA(glu)[c] + 6 tRNA(gly)[c] + tRNA(his)[c] + 4 tRNA(ile)[c] + 20 tRNA(leu)[c] + 4 tRNA(lys)[c] + 5 tRNA(met)[c] + 3 tRNA(phe)[c] + 9 tRNA(pro)[c] + 8 tRNA(ser)[c] + 6 tRNA(thr)[c] + 4 tRNA(tyr)[c] + 11 tRNA(val)[c],,,,,,,vmhreaction/HMR_5155;vmhreaction/r1096;sbo/SBO:0000176,Protein assembly,,,,0,611,165,176,7,0
MAR07164,,,H2O[c] + RNA[c] => 0.18 AMP[c] + 0.3 CMP[c] + 0.34 GMP[c] + H+[c] + 0.18 UMP[c],3.1.11.2,(ENSG00000113456 and ENSG00000172613) or ENSG00000164053 or ENSG00000183479 or ENSG00000213689,,,,,vmhreaction/HMR_7164;sbo/SBO:0000176,Nucleotide metabolism,,,,0,5.48,-3.86,12,0,2
MAR07160,,,0.3 dATP[c] + 0.2 dCTP[c] + 0.2 dGTP[c] + 0.3 dTTP[c] => DNA[c] + PPi[c],2.7.7.7,(ENSG00000115350 and ENSG00000148229) or (ENSG00000062822 and ENSG00000077514 and ENSG00000106628 and ENSG00000175482) or (ENSG00000014138 and ENSG00000101868) or (ENSG00000014138 and ENSG00000062822 and ENSG00000077514 and ENSG00000100479 and ENSG00000101868 and ENSG00000106628 and ENSG00000115350 and ENSG00000148229 and ENSG00000175482 and ENSG00000177084) or ENSG00000009413 or ENSG00000051341 or ENSG00000070501 or ENSG00000101751 or ENSG00000111445 or ENSG00000112941 or ENSG00000122008 or ENSG00000122678 or ENSG00000130997 or ENSG00000132382 or ENSG00000140521 or ENSG00000166169 or ENSG00000170734 or ENSG00000256525,,,,,kegg.reaction/R00379;vmhreaction/HMR_7160;sbo/SBO:0000176,Nucleotide metabolism,,,,0,-0.2,3.7,-2,0,0
MAR00555,,,"0.0001 1-acylglycerol-3P-10,13,16,19-doco[c] + 0.0001 1-acylglycerol-3P-10,13,16-docosa[c] + 0.0001 1-acylglycerol-3P-10-heptade[c] + 0.0001 1-acylglycerol-3P-11,14,17-eico[c] + 0.0001 1-acylglycerol-3P-11,14-eicosa[c] + 0.0001 1-acylglycerol-3P-11-docose[c] + 0.0001 1-acylglycerol-3P-11-eico[c] + 0.0001 1-acylglycerol-3P-12,15,18,21-tetra[c] + 0.0001 1-acylglycerol-3P-13,16,19-doco[c] + 0.0001 1-acylglycerol-3P-13,16-docosa[c] + 0.0001 1-acylglycerol-3P-13-docose[c] + 0.0001 1-acylglycerol-3P-13-eicose[c] + 0.0001 1-acylglycerol-3P-13-octade[c] + 0.0001 1-acylglycerol-3P-15-tetra[c] + 0.0005 1-acylglycerol-3P-4,7,10,13,16,19-doco[c] + 0.0001 1-acylglycerol-3P-4,7,10,13,16-docosa[c] + 0.0013 1-acylglycerol-3P-5,8,11,14,17-eico[c] + 0.0001 1-acylglycerol-3P-5,8,11-eico[c] + 0.0001 1-acylglycerol-3P-5-tetrade[c] + 0.0001 1-acylglycerol-3P-6,9,12,15,18,21-tetra[c] + 0.0001 1-acylglycerol-3P-6,9,12,15,18-tetraco[c] + 0.0028 1-acylglycerol-3P-6,9,12,15-octa[c] + 0.0001 1-acylglycerol-3P-6,9-octa[c] + 0.0017 1-acylglycerol-3P-7,10,13,16,19-docosa[c] + 0.0001 1-acylglycerol-3P-7,10,13,16-docosa[c] + 0.0286 1-acylglycerol-3P-7-hexade[c] + 0.0001 1-acylglycerol-3P-7-octade[c] + 0.0001 1-acylglycerol-3P-7-tetrade[c] + 0.0001 1-acylglycerol-3P-8,11,14,17-eico[c] + 0.0001 1-acylglycerol-3P-8,11-eico[c] + 0.0001 1-acylglycerol-3P-9,12,15,18,21-tetra[c] + 0.0001 1-acylglycerol-3P-9,12,15,18-tetraco[c] + 0.0001 1-acylglycerol-3P-9-eicose[c] + 0.0001 1-acylglycerol-3P-9-heptade[c] + 0.0001 1-acylglycerol-3P-9-octade[c] + 0.0001 1-acylglycerol-3P-9-tetrade[c] + 0.0024 1-acylglycerol-3P-arach[c] + 0.0208 1-acylglycerol-3P-cis-vac[c] + 0.0013 1-acylglycerol-3P-dihomo-gamma[c] + 0.0001 1-acylglycerol-3P-docosa[c] + 0.0001 1-acylglycerol-3P-eico[c] + 0.0048 1-acylglycerol-3P-gamma-lin[c] + 0.0001 1-acylglycerol-3P-heneico[c] + 0.0001 1-acylglycerol-3P-heptade[c] + 0.0001 1-acylglycerol-3P-hexacosa[c] + 0.0001 1-acylglycerol-3P-hexecose[c] + 0.0001 1-acylglycerol-3P-laur[c] + 0.0741 1-acylglycerol-3P-lin[c] + 0.0037 1-acylglycerol-3P-linolen[c] + 0.0096 1-acylglycerol-3P-myrist[c] + 0.0001 1-acylglycerol-3P-nanode[c] + 0.122 1-acylglycerol-3P-ol[c] + 0.64 1-acylglycerol-3P-palm[c] + 0.0001 1-acylglycerol-3P-palmn[c] + 0.0001 1-acylglycerol-3P-pentade[c] + 0.082 1-acylglycerol-3P-stea[c] + 0.0001 1-acylglycerol-3P-tetraco[c] + 0.0001 1-acylglycerol-3P-trico[c] + 0.0001 1-acylglycerol-3P-tridec[c] => 1-acylglycerol-3P-LD-TG1 pool (liver tissue)[c]",,,,,,,vmhreaction/HMR_0555;sbo/SBO:0000176,Pool reactions,,,PMID:16137923,0,15.6522,0,0,0,0
MAR00032,,,"lipid droplet[c] => 0.19 1,2-diacylglycerol-LD-TAG pool[c] + 0.0014 1-acyl-PE pool[c] + 0.0024 1-radyl-2-acyl-sn-glycero-3-phosphocholine[c] + 0.0006 2-lysolecithin pool[c] + 0.005 cholesterol[c] + 0.34 cholesterol-ester pool[c] + 0.0008 O-1-alk-1-enyl-2-acyl-sn-glycero-3-phosphoethanolamine[c] + 0.0092 PC-LD pool[c] + 0.0034 PE-LD pool[c] + 0.0016 PI pool[c] + 0.0002 PS-LD pool[c] + 0.0004 SM pool[c] + 0.44 TAG-LD pool[c] + 0.005 fatty acid pool[c]",,ENSG00000072062 or ENSG00000142875 or ENSG00000165059 or ENSG00000170323 or ENSG00000172531 or ENSG00000186298 or ENSG00000213639,,,,,vmhreaction/HMR_0032;sbo/SBO:0000176,Pool reactions,,,,0,-13.4364,-0.0188,-4.4474,0,-0.02
MAR00016,,,"0.0001 (10Z)-heptadecenoic acid[e] + 0.0023 (11Z,14Z)-eicosadienoic acid[e] + 0.0003 (11Z,14Z,17Z)-eicosatrienoic acid[e] + 0.0002 (13Z)-eicosenoic acid[e] + 0.003 (13Z)-octadecenoic acid[e] + 0.0001 (13Z,16Z)-docosadienoic acid[e] + 0.0001 (4Z,7Z,10Z,13Z,16Z)-DPA[e] + 0.0001 (6Z,9Z)-octadecadienoic acid[e] + 0.0001 (6Z,9Z,12Z,15Z,18Z)-TPA[e] + 0.0001 (6Z,9Z,12Z,15Z,18Z,21Z)-THA[e] + 0.0001 (7Z)-octadecenoic acid[e] + 0.0004 (7Z)-tetradecenoic acid[e] + 0.0023 (9E)-tetradecenoic acid[e] + 0.0001 (9Z,12Z,15Z,18Z)-TTA[e] + 0.0001 (9Z,12Z,15Z,18Z,21Z)-TPA[e] + 0.0001 10,13,16,19-docosatetraenoic acid[e] + 0.0001 10,13,16-docosatriynoic acid[e] + 0.0001 12,15,18,21-tetracosatetraenoic acid[e] + 0.0001 13,16,19-docosatrienoic acid[e] + 0.0045 7-palmitoleic acid[e] + 0.0002 8,11-eicosadienoic acid[e] + 0.001 9-eicosenoic acid[e] + 0.0037 9-heptadecylenic acid[e] + 0.0008 adrenic acid[e] + 0.0051 arachidonate[e] + 0.0002 behenic acid[e] + 0.0001 cerotic acid[e] + 0.0001 cis-cetoleic acid[e] + 0.0002 cis-erucic acid[e] + 0.0046 cis-gondoic acid[e] + 0.0204 cis-vaccenic acid[e] + 0.0012 DHA[e] + 0.0021 dihomo-gamma-linolenate[e] + 0.0009 DPA[e] + 0.0009 eicosanoate[e] + 0.0001 elaidate[e] + 0.0009 EPA[e] + 0.0005 gamma-linolenate[e] + 0.0001 henicosanoic acid[e] + 0.0061 lauric acid[e] + 0.0001 lignocerate[e] + 0.1573 linoleate[e] + 0.0073 linolenate[e] + 0.0001 margaric acid[e] + 0.0001 mead acid[e] + 0.035 myristic acid[e] + 0.0001 nervonic acid[e] + 0.0001 nonadecylic acid[e] + 0.383 oleate[e] + 0.0004 omega-3-arachidonic acid[e] + 0.2478 palmitate[e] + 0.0395 palmitolate[e] + 0.0039 pentadecylic acid[e] + 0.0001 physeteric acid[e] + 0.0613 stearate[e] + 0.0001 stearidonic acid[e] + 0.0001 tricosanoic acid[e] + 0.0001 tridecylic acid[e] + 0.0001 ximenic acid[e] => NEFA blood pool out[e]",,,,,,,vmhreaction/HMR_0016;sbo/SBO:0000176,Transport reactions,,,,0,16.271,0,0,0,0
MAR00691,,,"fatty acid-LD-PI pool (liver tissue)[c] => 0.0005 (10Z)-heptadecenoic acid[c] + 0.0005 (11Z,14Z)-eicosadienoic acid[c] + 0.0005 (11Z,14Z,17Z)-eicosatrienoic acid[c] + 0.0005 (13Z)-eicosenoic acid[c] + 0.0005 (13Z)-octadecenoic acid[c] + 0.0005 (13Z,16Z)-docosadienoic acid[c] + 0.0124 (4Z,7Z,10Z,13Z,16Z)-DPA[c] + 0.0005 (6Z,9Z)-octadecadienoic acid[c] + 0.0005 (6Z,9Z,12Z,15Z,18Z)-TPA[c] + 0.0005 (6Z,9Z,12Z,15Z,18Z,21Z)-THA[c] + 0.0005 (7Z)-octadecenoic acid[c] + 0.0005 (7Z)-tetradecenoic acid[c] + 0.0005 (9E)-tetradecenoic acid[c] + 0.0005 (9Z,12Z,15Z,18Z)-TTA[c] + 0.0005 (9Z,12Z,15Z,18Z,21Z)-TPA[c] + 0.0005 10,13,16,19-docosatetraenoic acid[c] + 0.0005 10,13,16-docosatriynoic acid[c] + 0.0005 12,15,18,21-tetracosatetraenoic acid[c] + 0.0005 13,16,19-docosatrienoic acid[c] + 0.0005 7-palmitoleic acid[c] + 0.0005 8,11-eicosadienoic acid[c] + 0.0005 9-eicosenoic acid[c] + 0.0005 9-heptadecylenic acid[c] + 0.0031 adrenic acid[c] + 0.2118 arachidonate[c] + 0.0005 behenic acid[c] + 0.0005 cerotic acid[c] + 0.0005 cis-cetoleic acid[c] + 0.0005 cis-erucic acid[c] + 0.0005 cis-gondoic acid[c] + 0.0266 cis-vaccenic acid[c] + 0.0269 DHA[c] + 0.0228 dihomo-gamma-linolenate[c] + 0.0101 DPA[c] + 0.0005 eicosanoate[c] + 0.0005 elaidate[c] + 0.0043 EPA[c] + 0.0012 gamma-linolenate[c] + 0.0005 henicosanoic acid[c] + 0.0005 lauric acid[c] + 0.0005 lignocerate[c] + 0.0678 linoleate[c] + 0.0019 linolenate[c] + 0.0005 margaric acid[c] + 0.0005 mead acid[c] + 0.0056 myristic acid[c] + 0.0005 nervonic acid[c] + 0.0005 nonadecylic acid[c] + 0.136 oleate[c] + 0.0179 omega-3-arachidonic acid[c] + 0.0678 palmitate[c] + 0.0053 palmitolate[c] + 0.0005 pentadecylic acid[c] + 0.0005 physeteric acid[c] + 0.3553 stearate[c] + 0.0027 stearidonic acid[c] + 0.0005 tricosanoic acid[c] + 0.0005 tridecylic acid[c] + 0.0005 ximenic acid[c]",,,,,,,vmhreaction/HMR_0691;sbo/SBO:0000176,Pool reactions,,,PMID:16137923,0,-17.595,0,0,0,0
MAR00547,,,"0.0001 (10Z)-heptadecenoyl-CoA[c] + 0.0001 (11Z)-docosenoyl-CoA[c] + 0.0001 (11Z)-eicosenoyl-CoA[c] + 0.0001 (11Z,14Z)-eicosadienoyl-CoA[c] + 0.0001 (11Z,14Z,17Z)-eicosatrienoyl-CoA[c] + 0.0001 (13Z)-docosenoyl-CoA[c] + 0.0001 (13Z)-eicosenoyl-CoA[c] + 0.0001 (13Z)-octadecenoyl-CoA[c] + 0.0001 (13Z,16Z)-docosadienoyl-CoA[c] + 0.0001 (15Z)-tetracosenoyl-CoA[c] + 0.0011 (4Z,7Z,10Z,13Z,16Z)-docosapentaenoyl-CoA[c] + 0.0221 (4Z,7Z,10Z,13Z,16Z,19Z)-docosahexaenoyl-CoA[c] + 0.0001 (5Z,8Z,11Z)-eicosatrienoyl-CoA[c] + 0.0035 (5Z,8Z,11Z,14Z,17Z)-eicosapentaenoyl-CoA[c] + 0.0001 (6Z,9Z)-octadecadienoyl-CoA[c] + 0.0026 (6Z,9Z,12Z,15Z)-octadecatetraenoyl-CoA[c] + 0.0001 (6Z,9Z,12Z,15Z,18Z)-tetracosapentaenoyl-CoA[c] + 0.0001 (6Z,9Z,12Z,15Z,18Z,21Z)-tetracosahexaenoyl-CoA[c] + 0.0001 (7Z)-octadecenoyl-CoA[c] + 0.0001 (7Z)-tetradecenoyl-CoA[c] + 0.0022 (7Z,10Z,13Z,16Z)-docosatetraenoyl-CoA[c] + 0.0038 (7Z,10Z,13Z,16Z,19Z)-docosapentaenoyl-CoA[c] + 0.0001 (8Z,11Z)-eicosadienoyl-CoA[c] + 0.0001 (8Z,11Z,14Z,17Z)-eicosatetraenoyl-CoA[c] + 0.0001 (9E)-octadecenoyl-CoA[c] + 0.0001 (9E)-tetradecenoyl-CoA[c] + 0.0001 (9Z,12Z,15Z,18Z)-tetracosatetraenoyl-CoA[c] + 0.0001 (9Z,12Z,15Z,18Z,21Z)-tetracosapentaenoyl-CoA[c] + 0.0001 10,13,16,19-docosatetraenoyl-CoA[c] + 0.0001 10,13,16-docosatrienoyl-CoA[c] + 0.0001 12,15,18,21-tetracosatetraenoyl-CoA[c] + 0.0001 13,16,19-docosatrienoyl-CoA[c] + 0.0001 5-tetradecenoyl-CoA[c] + 0.014 7-hexadecenoyl-CoA[c] + 0.0001 9-eicosenoyl-CoA[c] + 0.0001 9-heptadecenoyl-CoA[c] + 0.0264 arachidonyl-CoA[c] + 0.0194 cis-vaccenoyl-CoA[c] + 0.0141 dihomo-gamma-linolenoyl-CoA[c] + 0.0001 docosanoyl-CoA[c] + 0.0001 eicosanoyl-CoA[c] + 0.0081 gamma-linolenoyl-CoA[c] + 0.0001 heneicosanoyl-CoA[c] + 0.0001 heptadecanoyl-CoA[c] + 0.0001 hexacosanoyl-CoA[c] + 0.0001 hexacosenoyl-CoA[c] + 0.0001 lauroyl-CoA[c] + 0.0023 linolenoyl-CoA[c] + 0.278 linoleoyl-CoA[c] + 0.003 myristoyl-CoA[c] + 0.0001 nonadecanoyl-CoA[c] + 0.4519 oleoyl-CoA[c] + 0.0001 palmitoleoyl-CoA[c] + 0.0849 palmitoyl-CoA[c] + 0.0001 pentadecanoyl-CoA[c] + 0.0584 stearoyl-CoA[c] + 0.0001 tetracosanoyl-CoA[c] + 0.0001 tricosanoyl-CoA[c] + 0.0001 tridecanoyl-CoA[c] => acyl-CoA-LD-TG3 pool (liver tissue)[c]",,,,,,,vmhreaction/HMR_0547;sbo/SBO:0000176,Pool reactions,,,PMID:16137924,0,17.0032,0,3.55E-15,2.22E-16,0
MAR00023,,,"11-cis-retinol[c] + 18-hydroxy-all-trans-retinoate[c] + 18-hydroxy-all-trans-retinoate[r] + 4-hydroxyvitamin A1[c] + 4-hydroxyvitamin A1[r] + 4-OH-13-cis-retinal[c] + 4-OH-13-cis-retinal[r] + 4-OH-retinal[c] + 4-OH-retinal[r] + 4-oxo-13-cis-retinoate[r] + 4-oxo-9-cis-retinal[c] + 4-oxo-9-cis-retinal[r] + 4-oxo-9-cis-retinoyl-beta-glucuronide[c] + 4-oxo-9-cis-retinoyl-beta-glucuronide[r] + 4-oxo-all-trans-retinoate[c] + 4-oxo-all-trans-retinoate[r] + 4-oxoretinol[c] + 5,8-epoxy-13-cis-retinoate[c] + 9-cis-retinol[c] + N-retinylidene-N-retinylethanolamine[c] => vitamin A derivatives[c]",,,,,,,vmhreaction/vitaminA;sbo/SBO:0000185,Artificial reactions,,,,0,434,1,57,0,0
MAR09932,,"Biomass maintenance reaction without replication, transcription, and translation precursors",20.7045 ATP[c] + 0.020401 cholesterol[c] + 0.011658 CL pool[c] + 0.27519 glucose-6-phosphate[c] + 20.6508 H2O[c] + 0.15446 PC-LD pool[c] + 0.055374 PE-LD pool[c] + 0.023315 PI pool[c] + 0.005829 PS-LD pool[c] + 0.017486 SM pool[c] + 0.002914 PG-CL pool[c] => 20.6508 ADP[c] + 20.6508 H+[c] + 20.6508 Pi[c] + biomass[c],,,,0,,,sbo/SBO:0000629,Artificial reactions,,,,0,5.568812,0.519135,5.56751,0,0.718984
MAR12140,,HMR Biomass Renal Cancer Reaction,"0.0031466 1,2-diacylglycerol-LD-TAG pool[c] + 0.0012642 2-lysolecithin pool[c] + 0.11871 alanine[c] + 0.0009274 arginine[c] + 0.012056 asparagine[c] + 0.69277 aspartate[c] + 0.0082708 cholesterol[c] + 0.0065713 cholesterol-ester pool[r] + 0.00057356 CL pool[c] + 0.0012056 cysteine[c] + 0.007581 DNA[n] + 0.16786 glutamate[c] + 0.19104 glutamine[c] + 0.13911 glycine[c] + 0.028749 histidine[c] + 0.0037096 isoleucine[c] + 0.011129 leucine[c] + 0.009274 lysine[c] + 0.0018548 methionine[c] + 0.017171 PC-LD pool[c] + 0.020051 PE-LD pool[c] + 0.0037096 phenylalanine[c] + 0.016414 phosphatidate-LD-TAG pool[c] + 0.0030972 PI pool[c] + 0.017992 proline[c] + 0.005891 PS-LD pool[c] + 0.030815 RNA[c] + 0.037096 serine[c] + 0.0024143 SM pool[c] + 0.027482 TAG-LD pool[c] + 0.020403 threonine[c] + 0.0009274 tryptophan[c] + 0.0055644 tyrosine[c] + 0.012056 valine[c] + 0.26551 glycogen[c] + 0.001 cofactors and vitamins[c] + 0.0038601 1-acylglycerol-3P pool[c] => biomass[c]",2.5.1.18,,,0,,,sbo/SBO:0000629,Artificial reactions,,,,0,9.30715858,1.7989272,7.70378692,0.0030604,0.17133442
MAR10036,,acyl-CoA pool formation and breakdown,"acyl-CoA pool[c] <=> 0.0004 (10Z)-heptadecenoyl-CoA[c] + 0.0004 (11Z)-docosenoyl-CoA[c] + 0.0004 (11Z)-eicosenoyl-CoA[c] + 0.0004 (11Z,14Z)-eicosadienoyl-CoA[c] + 0.0004 (11Z,14Z,17Z)-eicosatrienoyl-CoA[c] + 0.0004 (13Z)-docosenoyl-CoA[c] + 0.0004 (13Z)-eicosenoyl-CoA[c] + 0.0004 (13Z)-octadecenoyl-CoA[c] + 0.0004 (13Z,16Z)-docosadienoyl-CoA[c] + 0.0004 (15Z)-tetracosenoyl-CoA[c] + 0.0038 (4Z,7Z,10Z,13Z,16Z)-docosapentaenoyl-CoA[c] + 0.0278 (4Z,7Z,10Z,13Z,16Z,19Z)-docosahexaenoyl-CoA[c] + 0.0004 (5Z,8Z,11Z)-eicosatrienoyl-CoA[c] + 0.0116 (5Z,8Z,11Z,14Z,17Z)-eicosapentaenoyl-CoA[c] + 0.0004 (6Z,9Z)-octadecadienoyl-CoA[c] + 0.0025 (6Z,9Z,12Z,15Z)-octadecatetraenoyl-CoA[c] + 0.0004 (6Z,9Z,12Z,15Z,18Z)-tetracosapentaenoyl-CoA[c] + 0.0004 (6Z,9Z,12Z,15Z,18Z,21Z)-tetracosahexaenoyl-CoA[c] + 0.0004 (7Z)-octadecenoyl-CoA[c] + 0.0004 (7Z)-tetradecenoyl-CoA[c] + 0.0014 (7Z,10Z,13Z,16Z)-docosatetraenoyl-CoA[c] + 0.0059 (7Z,10Z,13Z,16Z,19Z)-docosapentaenoyl-CoA[c] + 0.0004 (8Z,11Z)-eicosadienoyl-CoA[c] + 0.0115 (8Z,11Z,14Z,17Z)-eicosatetraenoyl-CoA[c] + 0.0004 (9E)-octadecenoyl-CoA[c] + 0.0004 (9E)-tetradecenoyl-CoA[c] + 0.0004 (9Z,12Z,15Z,18Z)-tetracosatetraenoyl-CoA[c] + 0.0004 (9Z,12Z,15Z,18Z,21Z)-tetracosapentaenoyl-CoA[c] + 0.0004 10,13,16,19-docosatetraenoyl-CoA[c] + 0.0004 10,13,16-docosatrienoyl-CoA[c] + 0.0004 12,15,18,21-tetracosatetraenoyl-CoA[c] + 0.0004 13,16,19-docosatrienoyl-CoA[c] + 0.0004 5-tetradecenoyl-CoA[c] + 0.0004 7-hexadecenoyl-CoA[c] + 0.0004 9-eicosenoyl-CoA[c] + 0.0004 9-heptadecenoyl-CoA[c] + 0.1083 arachidonyl-CoA[c] + 0.025 cis-vaccenoyl-CoA[c] + 0.0215 dihomo-gamma-linolenoyl-CoA[c] + 0.0004 docosanoyl-CoA[c] + 0.0004 eicosanoyl-CoA[c] + 0.0029 gamma-linolenoyl-CoA[c] + 0.0004 heneicosanoyl-CoA[c] + 0.0004 heptadecanoyl-CoA[c] + 0.0004 hexacosanoyl-CoA[c] + 0.0004 hexacosenoyl-CoA[c] + 0.0004 lauroyl-CoA[c] + 0.0084 linolenoyl-CoA[c] + 0.1915 linoleoyl-CoA[c] + 0.0133 myristoyl-CoA[c] + 0.0004 nonadecanoyl-CoA[c] + 0.1545 oleoyl-CoA[c] + 0.0219 palmitoleoyl-CoA[c] + 0.222 palmitoyl-CoA[c] + 0.0004 pentadecanoyl-CoA[c] + 0.1498 stearoyl-CoA[c] + 0.0004 tetracosanoyl-CoA[c] + 0.0004 tricosanoyl-CoA[c] + 0.0004 tridecanoyl-CoA[c]",,,,,,,sbo/SBO:0000176,Pool reactions,,,,0,-16.9524,0,0,0,0
MAR10038,,cholesterol-ester pool formation and breakdown,"cholesterol-ester pool[r] <=> 0.0004 cholesterol-ester-10,13,16,19-docosa[r] + 0.0004 cholesterol-ester-10,13,16-docosa[r] + 0.0004 cholesterol-ester-10-hepta[r] + 0.0004 cholesterol-ester-11,14,17-eico[r] + 0.0004 cholesterol-ester-11,14-eicosa[r] + 0.0004 cholesterol-ester-11-docose[r] + 0.0004 cholesterol-ester-11-eico[r] + 0.0004 cholesterol-ester-12,15,18,21-tetracosa[r] + 0.0004 cholesterol-ester-13,16,19-doco[r] + 0.0004 cholesterol-ester-13,16-docosa[r] + 0.0004 cholesterol-ester-13-docose[r] + 0.0004 cholesterol-ester-13-eicose[r] + 0.0004 cholesterol-ester-13-octade[r] + 0.0004 cholesterol-ester-15-tetra[r] + 0.0278 cholesterol-ester-4,7,10,13,16,19-doco[r] + 0.0038 cholesterol-ester-4,7,10,13,16-docosa[r] + 0.0116 cholesterol-ester-5,8,11,14,17-eico[r] + 0.0004 cholesterol-ester-5,8,11-eico[r] + 0.0004 cholesterol-ester-5-tetra[r] + 0.0004 cholesterol-ester-6,9,12,15,18,21-tetra[r] + 0.0004 cholesterol-ester-6,9,12,15,18-tetraco[r] + 0.0025 cholesterol-ester-6,9,12,15-octa[r] + 0.0004 cholesterol-ester-6,9-octa[r] + 0.0059 cholesterol-ester-7,10,13,16,19-docosa[r] + 0.0014 cholesterol-ester-7,10,13,16-docosa[r] + 0.0004 cholesterol-ester-7-hexa[r] + 0.0004 cholesterol-ester-7-octade[r] + 0.0004 cholesterol-ester-7-tetrade[r] + 0.0115 cholesterol-ester-8,11,14,17-eico[r] + 0.0004 cholesterol-ester-8,11-eico[r] + 0.0004 cholesterol-ester-9,12,15,18,21-tetra[r] + 0.0004 cholesterol-ester-9,12,15,18-tetraco[r] + 0.0004 cholesterol-ester-9-eicose[r] + 0.0004 cholesterol-ester-9-heptade[r] + 0.0004 cholesterol-ester-9-octa[r] + 0.0004 cholesterol-ester-9-tetrade[r] + 0.1083 cholesterol-ester-arach[r] + 0.025 cholesterol-ester-cis-vac[r] + 0.0215 cholesterol-ester-dihomo-gamma[r] + 0.0004 cholesterol-ester-docosa[r] + 0.0004 cholesterol-ester-eico[r] + 0.0029 cholesterol-ester-gamma-lin[r] + 0.0004 cholesterol-ester-heneico[r] + 0.0004 cholesterol-ester-hepta[r] + 0.0004 cholesterol-ester-hexacosa[r] + 0.0004 cholesterol-ester-hexecose[r] + 0.0004 cholesterol-ester-laur[r] + 0.1915 cholesterol-ester-lin[r] + 0.0084 cholesterol-ester-linolen[r] + 0.0133 cholesterol-ester-myrist[r] + 0.0004 cholesterol-ester-nanode[r] + 0.1545 cholesterol-ester-ol[r] + 0.222 cholesterol-ester-palm[r] + 0.0219 cholesterol-ester-palmn[r] + 0.0004 cholesterol-ester-penta[r] + 0.1498 cholesterol-ester-stea[r] + 0.0004 cholesterol-ester-tetraco[r] + 0.0004 cholesterol-ester-trico[r] + 0.0004 cholesterol-ester-tridec[r]",,,,,,,sbo/SBO:0000176,Pool reactions,,,,0,-16.9524,0,0,0,0
MAR00560,,,"0.002 1-acylglycerol-3P-10,13,16,19-doco[c] + 0.002 1-acylglycerol-3P-10,13,16-docosa[c] + 0.002 1-acylglycerol-3P-10-heptade[c] + 0.002 1-acylglycerol-3P-11,14,17-eico[c] + 0.002 1-acylglycerol-3P-11,14-eicosa[c] + 0.002 1-acylglycerol-3P-11-docose[c] + 0.002 1-acylglycerol-3P-11-eico[c] + 0.002 1-acylglycerol-3P-12,15,18,21-tetra[c] + 0.002 1-acylglycerol-3P-13,16,19-doco[c] + 0.002 1-acylglycerol-3P-13,16-docosa[c] + 0.002 1-acylglycerol-3P-13-docose[c] + 0.002 1-acylglycerol-3P-13-eicose[c] + 0.002 1-acylglycerol-3P-13-octade[c] + 0.002 1-acylglycerol-3P-15-tetra[c] + 0.003 1-acylglycerol-3P-4,7,10,13,16,19-doco[c] + 0.002 1-acylglycerol-3P-4,7,10,13,16-docosa[c] + 0.0068 1-acylglycerol-3P-5,8,11,14,17-eico[c] + 0.002 1-acylglycerol-3P-5,8,11-eico[c] + 0.002 1-acylglycerol-3P-5-tetrade[c] + 0.002 1-acylglycerol-3P-6,9,12,15,18,21-tetra[c] + 0.002 1-acylglycerol-3P-6,9,12,15,18-tetraco[c] + 0.002 1-acylglycerol-3P-6,9,12,15-octa[c] + 0.002 1-acylglycerol-3P-6,9-octa[c] + 0.002 1-acylglycerol-3P-7,10,13,16,19-docosa[c] + 0.002 1-acylglycerol-3P-7,10,13,16-docosa[c] + 0.0358 1-acylglycerol-3P-7-hexade[c] + 0.002 1-acylglycerol-3P-7-octade[c] + 0.002 1-acylglycerol-3P-7-tetrade[c] + 0.002 1-acylglycerol-3P-8,11,14,17-eico[c] + 0.002 1-acylglycerol-3P-8,11-eico[c] + 0.002 1-acylglycerol-3P-9,12,15,18,21-tetra[c] + 0.002 1-acylglycerol-3P-9,12,15,18-tetraco[c] + 0.002 1-acylglycerol-3P-9-eicose[c] + 0.002 1-acylglycerol-3P-9-heptade[c] + 0.002 1-acylglycerol-3P-9-octade[c] + 0.002 1-acylglycerol-3P-9-tetrade[c] + 0.0136 1-acylglycerol-3P-arach[c] + 0.0453 1-acylglycerol-3P-cis-vac[c] + 0.002 1-acylglycerol-3P-dihomo-gamma[c] + 0.002 1-acylglycerol-3P-docosa[c] + 0.002 1-acylglycerol-3P-eico[c] + 0.002 1-acylglycerol-3P-gamma-lin[c] + 0.002 1-acylglycerol-3P-heneico[c] + 0.002 1-acylglycerol-3P-heptade[c] + 0.002 1-acylglycerol-3P-hexacosa[c] + 0.002 1-acylglycerol-3P-hexecose[c] + 0.002 1-acylglycerol-3P-laur[c] + 0.025 1-acylglycerol-3P-lin[c] + 0.0075 1-acylglycerol-3P-linolen[c] + 0.011 1-acylglycerol-3P-myrist[c] + 0.002 1-acylglycerol-3P-nanode[c] + 0.061 1-acylglycerol-3P-ol[c] + 0.557 1-acylglycerol-3P-palm[c] + 0.002 1-acylglycerol-3P-palmn[c] + 0.002 1-acylglycerol-3P-pentade[c] + 0.138 1-acylglycerol-3P-stea[c] + 0.002 1-acylglycerol-3P-tetraco[c] + 0.002 1-acylglycerol-3P-trico[c] + 0.002 1-acylglycerol-3P-tridec[c] => 1-acylglycerol-3P-LD-SM pool (liver tissue)[c]",,,,,,,vmhreaction/HMR_0560;sbo/SBO:0000176,Pool reactions,,,PMID:16137928,0,16.0152,0,8.88E-16,0,0
MAR06974,,,[protein][c] + lysine[c] => [protein]-L-lysine[c] + H2O[c],,,,,,,sbo/SBO:0000176,Lysine metabolism,,,,0,-1,-1,-1,0,0
MAR07163,,,DNA[c] + H2O[c] => 0.3 dAMP[c] + 0.2 dCMP[c] + 0.2 dGMP[c] + 0.3 dTMP[c] + H+[c],3.1.11.2,(ENSG00000113456 and ENSG00000172613) or ENSG00000164053 or ENSG00000183479 or ENSG00000213689,,,,,vmhreaction/HMR_7163;sbo/SBO:0000176,Nucleotide metabolism,,,,0,0.2,-3.7,2,0,0
MAR00557,,,"0.0005 1-acylglycerol-3P-10,13,16,19-doco[c] + 0.0005 1-acylglycerol-3P-10,13,16-docosa[c] + 0.0005 1-acylglycerol-3P-10-heptade[c] + 0.0005 1-acylglycerol-3P-11,14,17-eico[c] + 0.0005 1-acylglycerol-3P-11,14-eicosa[c] + 0.0005 1-acylglycerol-3P-11-docose[c] + 0.0005 1-acylglycerol-3P-11-eico[c] + 0.0005 1-acylglycerol-3P-12,15,18,21-tetra[c] + 0.0005 1-acylglycerol-3P-13,16,19-doco[c] + 0.0005 1-acylglycerol-3P-13,16-docosa[c] + 0.0005 1-acylglycerol-3P-13-docose[c] + 0.0005 1-acylglycerol-3P-13-eicose[c] + 0.0005 1-acylglycerol-3P-13-octade[c] + 0.0005 1-acylglycerol-3P-15-tetra[c] + 0.0459 1-acylglycerol-3P-4,7,10,13,16,19-doco[c] + 0.0052 1-acylglycerol-3P-4,7,10,13,16-docosa[c] + 0.0221 1-acylglycerol-3P-5,8,11,14,17-eico[c] + 0.0005 1-acylglycerol-3P-5,8,11-eico[c] + 0.0005 1-acylglycerol-3P-5-tetrade[c] + 0.0005 1-acylglycerol-3P-6,9,12,15,18,21-tetra[c] + 0.0005 1-acylglycerol-3P-6,9,12,15,18-tetraco[c] + 0.0025 1-acylglycerol-3P-6,9,12,15-octa[c] + 0.0005 1-acylglycerol-3P-6,9-octa[c] + 0.0067 1-acylglycerol-3P-7,10,13,16,19-docosa[c] + 0.0007 1-acylglycerol-3P-7,10,13,16-docosa[c] + 0.0327 1-acylglycerol-3P-7-hexade[c] + 0.0005 1-acylglycerol-3P-7-octade[c] + 0.0005 1-acylglycerol-3P-7-tetrade[c] + 0.0163 1-acylglycerol-3P-8,11,14,17-eico[c] + 0.0005 1-acylglycerol-3P-8,11-eico[c] + 0.0005 1-acylglycerol-3P-9,12,15,18,21-tetra[c] + 0.0005 1-acylglycerol-3P-9,12,15,18-tetraco[c] + 0.0005 1-acylglycerol-3P-9-eicose[c] + 0.0005 1-acylglycerol-3P-9-heptade[c] + 0.0005 1-acylglycerol-3P-9-octade[c] + 0.0005 1-acylglycerol-3P-9-tetrade[c] + 0.2125 1-acylglycerol-3P-arach[c] + 0.0285 1-acylglycerol-3P-cis-vac[c] + 0.0411 1-acylglycerol-3P-dihomo-gamma[c] + 0.0005 1-acylglycerol-3P-docosa[c] + 0.0005 1-acylglycerol-3P-eico[c] + 0.0011 1-acylglycerol-3P-gamma-lin[c] + 0.0005 1-acylglycerol-3P-heneico[c] + 0.0005 1-acylglycerol-3P-heptade[c] + 0.0005 1-acylglycerol-3P-hexacosa[c] + 0.0005 1-acylglycerol-3P-hexecose[c] + 0.0005 1-acylglycerol-3P-laur[c] + 0.1312 1-acylglycerol-3P-lin[c] + 0.0166 1-acylglycerol-3P-linolen[c] + 0.0319 1-acylglycerol-3P-myrist[c] + 0.0005 1-acylglycerol-3P-nanode[c] + 0.0619 1-acylglycerol-3P-ol[c] + 0.1243 1-acylglycerol-3P-palm[c] + 0.0005 1-acylglycerol-3P-palmn[c] + 0.0005 1-acylglycerol-3P-pentade[c] + 0.1983 1-acylglycerol-3P-stea[c] + 0.0005 1-acylglycerol-3P-tetraco[c] + 0.0005 1-acylglycerol-3P-trico[c] + 0.0005 1-acylglycerol-3P-tridec[c] => 1-acylglycerol-3P-LD-PE pool (liver tissue)[c]",,,,,,,vmhreaction/HMR_0557;sbo/SBO:0000176,Pool reactions,,,PMID:16137925,0,17.4164,0,0,0,0
MAR00561,,,"0.0001 1-acylglycerol-3P-10,13,16,19-doco[c] + 0.0001 1-acylglycerol-3P-10,13,16-docosa[c] + 0.0001 1-acylglycerol-3P-10-heptade[c] + 0.0001 1-acylglycerol-3P-11,14,17-eico[c] + 0.0001 1-acylglycerol-3P-11,14-eicosa[c] + 0.0001 1-acylglycerol-3P-11-docose[c] + 0.0001 1-acylglycerol-3P-11-eico[c] + 0.0001 1-acylglycerol-3P-12,15,18,21-tetra[c] + 0.0001 1-acylglycerol-3P-13,16,19-doco[c] + 0.0001 1-acylglycerol-3P-13,16-docosa[c] + 0.0001 1-acylglycerol-3P-13-docose[c] + 0.0001 1-acylglycerol-3P-13-eicose[c] + 0.0001 1-acylglycerol-3P-13-octade[c] + 0.0001 1-acylglycerol-3P-15-tetra[c] + 0.0081 1-acylglycerol-3P-4,7,10,13,16,19-doco[c] + 0.0016 1-acylglycerol-3P-4,7,10,13,16-docosa[c] + 0.0003 1-acylglycerol-3P-5,8,11,14,17-eico[c] + 0.0001 1-acylglycerol-3P-5,8,11-eico[c] + 0.0001 1-acylglycerol-3P-5-tetrade[c] + 0.0001 1-acylglycerol-3P-6,9,12,15,18,21-tetra[c] + 0.0001 1-acylglycerol-3P-6,9,12,15,18-tetraco[c] + 0.0025 1-acylglycerol-3P-6,9,12,15-octa[c] + 0.0001 1-acylglycerol-3P-6,9-octa[c] + 0.0018 1-acylglycerol-3P-7,10,13,16,19-docosa[c] + 0.0032 1-acylglycerol-3P-7,10,13,16-docosa[c] + 0.0229 1-acylglycerol-3P-7-hexade[c] + 0.0001 1-acylglycerol-3P-7-octade[c] + 0.0001 1-acylglycerol-3P-7-tetrade[c] + 0.0001 1-acylglycerol-3P-8,11,14,17-eico[c] + 0.0001 1-acylglycerol-3P-8,11-eico[c] + 0.0001 1-acylglycerol-3P-9,12,15,18,21-tetra[c] + 0.0001 1-acylglycerol-3P-9,12,15,18-tetraco[c] + 0.0001 1-acylglycerol-3P-9-eicose[c] + 0.0001 1-acylglycerol-3P-9-heptade[c] + 0.0001 1-acylglycerol-3P-9-octade[c] + 0.0001 1-acylglycerol-3P-9-tetrade[c] + 0.0521 1-acylglycerol-3P-arach[c] + 0.0217 1-acylglycerol-3P-cis-vac[c] + 0.0023 1-acylglycerol-3P-dihomo-gamma[c] + 0.0001 1-acylglycerol-3P-docosa[c] + 0.0001 1-acylglycerol-3P-eico[c] + 0.003 1-acylglycerol-3P-gamma-lin[c] + 0.0001 1-acylglycerol-3P-heneico[c] + 0.0001 1-acylglycerol-3P-heptade[c] + 0.0001 1-acylglycerol-3P-hexacosa[c] + 0.0001 1-acylglycerol-3P-hexecose[c] + 0.0001 1-acylglycerol-3P-laur[c] + 0.281 1-acylglycerol-3P-lin[c] + 0.0119 1-acylglycerol-3P-linolen[c] + 0.0024 1-acylglycerol-3P-myrist[c] + 0.0001 1-acylglycerol-3P-nanode[c] + 0.4226 1-acylglycerol-3P-ol[c] + 0.12 1-acylglycerol-3P-palm[c] + 0.0001 1-acylglycerol-3P-palmn[c] + 0.0001 1-acylglycerol-3P-pentade[c] + 0.0384 1-acylglycerol-3P-stea[c] + 0.0001 1-acylglycerol-3P-tetraco[c] + 0.0001 1-acylglycerol-3P-trico[c] + 0.0001 1-acylglycerol-3P-tridec[c] => 1-acylglycerol-3P-bile-PC pool[c]",,,,,,,vmhreaction/HMR_0561;sbo/SBO:0000176,Pool reactions,,,PMID:3111757,0,16.881,0,-8.88E-16,0,0
MAR00688,,,"fatty acid-LD-PC pool (liver tissue)[c] <=> 0.0005 (10Z)-heptadecenoic acid[c] + 0.0005 (11Z,14Z)-eicosadienoic acid[c] + 0.0005 (11Z,14Z,17Z)-eicosatrienoic acid[c] + 0.0005 (13Z)-eicosenoic acid[c] + 0.0005 (13Z)-octadecenoic acid[c] + 0.0005 (13Z,16Z)-docosadienoic acid[c] + 0.0039 (4Z,7Z,10Z,13Z,16Z)-DPA[c] + 0.0005 (6Z,9Z)-octadecadienoic acid[c] + 0.0005 (6Z,9Z,12Z,15Z,18Z)-TPA[c] + 0.0005 (6Z,9Z,12Z,15Z,18Z,21Z)-THA[c] + 0.0005 (7Z)-octadecenoic acid[c] + 0.0005 (7Z)-tetradecenoic acid[c] + 0.0005 (9E)-tetradecenoic acid[c] + 0.0005 (9Z,12Z,15Z,18Z)-TTA[c] + 0.0005 (9Z,12Z,15Z,18Z,21Z)-TPA[c] + 0.0005 10,13,16,19-docosatetraenoic acid[c] + 0.0005 10,13,16-docosatriynoic acid[c] + 0.0005 12,15,18,21-tetracosatetraenoic acid[c] + 0.0005 13,16,19-docosatrienoic acid[c] + 0.0005 7-palmitoleic acid[c] + 0.0005 8,11-eicosadienoic acid[c] + 0.0005 9-eicosenoic acid[c] + 0.0005 9-heptadecylenic acid[c] + 0.0011 adrenic acid[c] + 0.0709 arachidonate[c] + 0.0005 behenic acid[c] + 0.0005 cerotic acid[c] + 0.0005 cis-cetoleic acid[c] + 0.0005 cis-erucic acid[c] + 0.0005 cis-gondoic acid[c] + 0.0271 cis-vaccenic acid[c] + 0.0252 DHA[c] + 0.0228 dihomo-gamma-linolenate[c] + 0.0056 DPA[c] + 0.0005 eicosanoate[c] + 0.0005 elaidate[c] + 0.0109 EPA[c] + 0.0036 gamma-linolenate[c] + 0.0005 henicosanoic acid[c] + 0.0005 lauric acid[c] + 0.0005 lignocerate[c] + 0.2479 linoleate[c] + 0.0047 linolenate[c] + 0.0005 margaric acid[c] + 0.0005 mead acid[c] + 0.0054 myristic acid[c] + 0.0005 nervonic acid[c] + 0.0005 nonadecylic acid[c] + 0.1143 oleate[c] + 0.0178 omega-3-arachidonic acid[c] + 0.2781 palmitate[c] + 0.0105 palmitolate[c] + 0.0005 pentadecylic acid[c] + 0.0005 physeteric acid[c] + 0.1271 stearate[c] + 0.0026 stearidonic acid[c] + 0.0005 tricosanoic acid[c] + 0.0005 tridecylic acid[c] + 0.0005 ximenic acid[c]",,,,,,,vmhreaction/HMR_0688;sbo/SBO:0000176,Pool reactions,,,PMID:16137923,0,-16.8292,0,0,0,0
MAR00550,,,"0.0005 (10Z)-heptadecenoyl-CoA[c] + 0.0005 (11Z)-docosenoyl-CoA[c] + 0.0005 (11Z)-eicosenoyl-CoA[c] + 0.0005 (11Z,14Z)-eicosadienoyl-CoA[c] + 0.0005 (11Z,14Z,17Z)-eicosatrienoyl-CoA[c] + 0.0005 (13Z)-docosenoyl-CoA[c] + 0.0005 (13Z)-eicosenoyl-CoA[c] + 0.0005 (13Z)-octadecenoyl-CoA[c] + 0.0005 (13Z,16Z)-docosadienoyl-CoA[c] + 0.0005 (15Z)-tetracosenoyl-CoA[c] + 0.0055 (4Z,7Z,10Z,13Z,16Z)-docosapentaenoyl-CoA[c] + 0.0931 (4Z,7Z,10Z,13Z,16Z,19Z)-docosahexaenoyl-CoA[c] + 0.0005 (5Z,8Z,11Z)-eicosatrienoyl-CoA[c] + 0.0286 (5Z,8Z,11Z,14Z,17Z)-eicosapentaenoyl-CoA[c] + 0.0005 (6Z,9Z)-octadecadienoyl-CoA[c] + 0.0025 (6Z,9Z,12Z,15Z)-octadecatetraenoyl-CoA[c] + 0.0005 (6Z,9Z,12Z,15Z,18Z)-tetracosapentaenoyl-CoA[c] + 0.0005 (6Z,9Z,12Z,15Z,18Z,21Z)-tetracosahexaenoyl-CoA[c] + 0.0005 (7Z)-octadecenoyl-CoA[c] + 0.0005 (7Z)-tetradecenoyl-CoA[c] + 0.0043 (7Z,10Z,13Z,16Z)-docosatetraenoyl-CoA[c] + 0.0329 (7Z,10Z,13Z,16Z,19Z)-docosapentaenoyl-CoA[c] + 0.0005 (8Z,11Z)-eicosadienoyl-CoA[c] + 0.0174 (8Z,11Z,14Z,17Z)-eicosatetraenoyl-CoA[c] + 0.0005 (9E)-octadecenoyl-CoA[c] + 0.0005 (9E)-tetradecenoyl-CoA[c] + 0.0005 (9Z,12Z,15Z,18Z)-tetracosatetraenoyl-CoA[c] + 0.0005 (9Z,12Z,15Z,18Z,21Z)-tetracosapentaenoyl-CoA[c] + 0.0005 10,13,16,19-docosatetraenoyl-CoA[c] + 0.0005 10,13,16-docosatrienoyl-CoA[c] + 0.0005 12,15,18,21-tetracosatetraenoyl-CoA[c] + 0.0005 13,16,19-docosatrienoyl-CoA[c] + 0.0005 5-tetradecenoyl-CoA[c] + 0.0058 7-hexadecenoyl-CoA[c] + 0.0005 9-eicosenoyl-CoA[c] + 0.0005 9-heptadecenoyl-CoA[c] + 0.2005 arachidonyl-CoA[c] + 0.0131 cis-vaccenoyl-CoA[c] + 0.0089 dihomo-gamma-linolenoyl-CoA[c] + 0.0005 docosanoyl-CoA[c] + 0.0005 eicosanoyl-CoA[c] + 0.0011 gamma-linolenoyl-CoA[c] + 0.0005 heneicosanoyl-CoA[c] + 0.0005 heptadecanoyl-CoA[c] + 0.0005 hexacosanoyl-CoA[c] + 0.0005 hexacosenoyl-CoA[c] + 0.0005 lauroyl-CoA[c] + 0.0035 linolenoyl-CoA[c] + 0.0177 linoleoyl-CoA[c] + 0.0055 myristoyl-CoA[c] + 0.0005 nonadecanoyl-CoA[c] + 0.0323 oleoyl-CoA[c] + 0.0005 palmitoleoyl-CoA[c] + 0.0337 palmitoyl-CoA[c] + 0.0005 pentadecanoyl-CoA[c] + 0.4731 stearoyl-CoA[c] + 0.0005 tetracosanoyl-CoA[c] + 0.0005 tricosanoyl-CoA[c] + 0.0005 tridecanoyl-CoA[c] => acyl-CoA-LD-PS pool (liver tissue)[c]",,,,,,,vmhreaction/HMR_0550;sbo/SBO:0000176,Pool reactions,,,PMID:16137927,0,17.993,8.88E-16,3.55E-15,0,-4.44E-16
MAR00552,,,"0.002 (10Z)-heptadecenoyl-CoA[c] + 0.002 (11Z)-docosenoyl-CoA[c] + 0.002 (11Z)-eicosenoyl-CoA[c] + 0.002 (11Z,14Z)-eicosadienoyl-CoA[c] + 0.002 (11Z,14Z,17Z)-eicosatrienoyl-CoA[c] + 0.002 (13Z)-docosenoyl-CoA[c] + 0.002 (13Z)-eicosenoyl-CoA[c] + 0.002 (13Z)-octadecenoyl-CoA[c] + 0.002 (13Z,16Z)-docosadienoyl-CoA[c] + 0.002 (15Z)-tetracosenoyl-CoA[c] + 0.002 (4Z,7Z,10Z,13Z,16Z)-docosapentaenoyl-CoA[c] + 0.003 (4Z,7Z,10Z,13Z,16Z,19Z)-docosahexaenoyl-CoA[c] + 0.002 (5Z,8Z,11Z)-eicosatrienoyl-CoA[c] + 0.0068 (5Z,8Z,11Z,14Z,17Z)-eicosapentaenoyl-CoA[c] + 0.002 (6Z,9Z)-octadecadienoyl-CoA[c] + 0.002 (6Z,9Z,12Z,15Z)-octadecatetraenoyl-CoA[c] + 0.002 (6Z,9Z,12Z,15Z,18Z)-tetracosapentaenoyl-CoA[c] + 0.002 (6Z,9Z,12Z,15Z,18Z,21Z)-tetracosahexaenoyl-CoA[c] + 0.002 (7Z)-octadecenoyl-CoA[c] + 0.002 (7Z)-tetradecenoyl-CoA[c] + 0.002 (7Z,10Z,13Z,16Z)-docosatetraenoyl-CoA[c] + 0.002 (7Z,10Z,13Z,16Z,19Z)-docosapentaenoyl-CoA[c] + 0.002 (8Z,11Z)-eicosadienoyl-CoA[c] + 0.002 (8Z,11Z,14Z,17Z)-eicosatetraenoyl-CoA[c] + 0.002 (9E)-octadecenoyl-CoA[c] + 0.002 (9E)-tetradecenoyl-CoA[c] + 0.002 (9Z,12Z,15Z,18Z)-tetracosatetraenoyl-CoA[c] + 0.002 (9Z,12Z,15Z,18Z,21Z)-tetracosapentaenoyl-CoA[c] + 0.002 10,13,16,19-docosatetraenoyl-CoA[c] + 0.002 10,13,16-docosatrienoyl-CoA[c] + 0.002 12,15,18,21-tetracosatetraenoyl-CoA[c] + 0.002 13,16,19-docosatrienoyl-CoA[c] + 0.002 5-tetradecenoyl-CoA[c] + 0.0358 7-hexadecenoyl-CoA[c] + 0.002 9-eicosenoyl-CoA[c] + 0.002 9-heptadecenoyl-CoA[c] + 0.0136 arachidonyl-CoA[c] + 0.0453 cis-vaccenoyl-CoA[c] + 0.002 dihomo-gamma-linolenoyl-CoA[c] + 0.002 docosanoyl-CoA[c] + 0.002 eicosanoyl-CoA[c] + 0.002 gamma-linolenoyl-CoA[c] + 0.002 heneicosanoyl-CoA[c] + 0.002 heptadecanoyl-CoA[c] + 0.002 hexacosanoyl-CoA[c] + 0.002 hexacosenoyl-CoA[c] + 0.002 lauroyl-CoA[c] + 0.0075 linolenoyl-CoA[c] + 0.025 linoleoyl-CoA[c] + 0.011 myristoyl-CoA[c] + 0.002 nonadecanoyl-CoA[c] + 0.061 oleoyl-CoA[c] + 0.002 palmitoleoyl-CoA[c] + 0.557 palmitoyl-CoA[c] + 0.002 pentadecanoyl-CoA[c] + 0.138 stearoyl-CoA[c] + 0.002 tetracosanoyl-CoA[c] + 0.002 tricosanoyl-CoA[c] + 0.002 tridecanoyl-CoA[c] => acyl-CoA-LD-SM pool (liver tissue)[c]",,,,,,,vmhreaction/HMR_0552;sbo/SBO:0000176,Pool reactions,,,PMID:16137929,0,16.0152,1.78E-15,3.55E-15,0,0
MAR00689,,,"fatty acid-LD-PE pool (liver tissue)[c] => 0.0005 (10Z)-heptadecenoic acid[c] + 0.0005 (11Z,14Z)-eicosadienoic acid[c] + 0.0005 (11Z,14Z,17Z)-eicosatrienoic acid[c] + 0.0005 (13Z)-eicosenoic acid[c] + 0.0005 (13Z)-octadecenoic acid[c] + 0.0005 (13Z,16Z)-docosadienoic acid[c] + 0.0052 (4Z,7Z,10Z,13Z,16Z)-DPA[c] + 0.0005 (6Z,9Z)-octadecadienoic acid[c] + 0.0005 (6Z,9Z,12Z,15Z,18Z)-TPA[c] + 0.0005 (6Z,9Z,12Z,15Z,18Z,21Z)-THA[c] + 0.0005 (7Z)-octadecenoic acid[c] + 0.0005 (7Z)-tetradecenoic acid[c] + 0.0005 (9E)-tetradecenoic acid[c] + 0.0005 (9Z,12Z,15Z,18Z)-TTA[c] + 0.0005 (9Z,12Z,15Z,18Z,21Z)-TPA[c] + 0.0005 10,13,16,19-docosatetraenoic acid[c] + 0.0005 10,13,16-docosatriynoic acid[c] + 0.0005 12,15,18,21-tetracosatetraenoic acid[c] + 0.0005 13,16,19-docosatrienoic acid[c] + 0.0005 7-palmitoleic acid[c] + 0.0005 8,11-eicosadienoic acid[c] + 0.0005 9-eicosenoic acid[c] + 0.0005 9-heptadecylenic acid[c] + 0.0007 adrenic acid[c] + 0.2125 arachidonate[c] + 0.0005 behenic acid[c] + 0.0005 cerotic acid[c] + 0.0005 cis-cetoleic acid[c] + 0.0005 cis-erucic acid[c] + 0.0005 cis-gondoic acid[c] + 0.0285 cis-vaccenic acid[c] + 0.0459 DHA[c] + 0.0411 dihomo-gamma-linolenate[c] + 0.0067 DPA[c] + 0.0005 eicosanoate[c] + 0.0005 elaidate[c] + 0.0221 EPA[c] + 0.0011 gamma-linolenate[c] + 0.0005 henicosanoic acid[c] + 0.0005 lauric acid[c] + 0.0005 lignocerate[c] + 0.1312 linoleate[c] + 0.0166 linolenate[c] + 0.0005 margaric acid[c] + 0.0005 mead acid[c] + 0.0319 myristic acid[c] + 0.0005 nervonic acid[c] + 0.0005 nonadecylic acid[c] + 0.0619 oleate[c] + 0.0163 omega-3-arachidonic acid[c] + 0.1243 palmitate[c] + 0.0327 palmitolate[c] + 0.0005 pentadecylic acid[c] + 0.0005 physeteric acid[c] + 0.1983 stearate[c] + 0.0025 stearidonic acid[c] + 0.0005 tricosanoic acid[c] + 0.0005 tridecylic acid[c] + 0.0005 ximenic acid[c]",,,,,,,vmhreaction/HMR_0689;sbo/SBO:0000176,Pool reactions,,,PMID:16137923,0,-17.4164,0,0.00E+00,0,0
MAR00033,,,"24-oxo-1alpha,23,25-trihydroxyvitamin D3[c] + 24-oxo-1alpha,23,25-trihydroxyvitamin D3[m] + 25-hydroxyvitamin D3-26,23-lactone[c] + 25-hydroxyvitamin D3-26,23-lactone[m] => vitamin D derivatives[c]",,,,,,,vmhreaction/vitaminD;sbo/SBO:0000185,Artificial reactions,,,,0,108,0,18,0,0
MAR10061,,fatty acyl-CoA reduction,2 H+[x] + 2 NADPH[x] + acyl-CoA pool[x] => CoA[x] + 2 NADP+[x] + Hydroxy Alkyl Chain[x],,ENSG00000064763 or ENSG00000197601,,,,,metanetx.reaction/MNXR112893;sbo/SBO:0000176,Ether lipid metabolism,,,,2,1,0,0.00E+00,0,0
MAR08029,,,"[protein]-N6,N6,N6-trimethyl-L-lysine[r] + H2O[r] => H+[r] + N6,N6,N6-trimethyl-L-lysine[r] + [protein][r]",3.4.21.89;3.4.-.-,ENSG00000114902 and ENSG00000118363 and ENSG00000129128 and ENSG00000140612 and ENSG00000166562,,,,,bigg.reaction/PLYSPSer;vmhreaction/PLYSPSer;metanetx.reaction/MNXR103039;sbo/SBO:0000176,Lysine metabolism,,,,0,1,1,1,0,0
MAR00017,,,SMCFA-blood-pool[e] => 0.125 butyrate[e] + 0.125 decanoic acid[e] + 0.125 heptylic acid[e] + 0.125 hexanoic acid[e] + 0.125 nonanoic acid[e] + 0.125 octanoic acid[e] + 0.125 undecylic acid[e] + 0.125 valeric acid[e],,,,,,,vmhreaction/HMR_0017;sbo/SBO:0000176,Transport reactions,,,,0,-6.5,0,0.00E+00,0,0
MAR00546,,,"0.0001 (10Z)-heptadecenoyl-CoA[c] + 0.0001 (11Z)-docosenoyl-CoA[c] + 0.0001 (11Z)-eicosenoyl-CoA[c] + 0.0001 (11Z,14Z)-eicosadienoyl-CoA[c] + 0.0001 (11Z,14Z,17Z)-eicosatrienoyl-CoA[c] + 0.0001 (13Z)-docosenoyl-CoA[c] + 0.0001 (13Z)-eicosenoyl-CoA[c] + 0.0001 (13Z)-octadecenoyl-CoA[c] + 0.0001 (13Z,16Z)-docosadienoyl-CoA[c] + 0.0001 (15Z)-tetracosenoyl-CoA[c] + 0.0016 (4Z,7Z,10Z,13Z,16Z)-docosapentaenoyl-CoA[c] + 0.0081 (4Z,7Z,10Z,13Z,16Z,19Z)-docosahexaenoyl-CoA[c] + 0.0001 (5Z,8Z,11Z)-eicosatrienoyl-CoA[c] + 0.0003 (5Z,8Z,11Z,14Z,17Z)-eicosapentaenoyl-CoA[c] + 0.0001 (6Z,9Z)-octadecadienoyl-CoA[c] + 0.0025 (6Z,9Z,12Z,15Z)-octadecatetraenoyl-CoA[c] + 0.0001 (6Z,9Z,12Z,15Z,18Z)-tetracosapentaenoyl-CoA[c] + 0.0001 (6Z,9Z,12Z,15Z,18Z,21Z)-tetracosahexaenoyl-CoA[c] + 0.0001 (7Z)-octadecenoyl-CoA[c] + 0.0001 (7Z)-tetradecenoyl-CoA[c] + 0.0032 (7Z,10Z,13Z,16Z)-docosatetraenoyl-CoA[c] + 0.0018 (7Z,10Z,13Z,16Z,19Z)-docosapentaenoyl-CoA[c] + 0.0001 (8Z,11Z)-eicosadienoyl-CoA[c] + 0.0001 (8Z,11Z,14Z,17Z)-eicosatetraenoyl-CoA[c] + 0.0001 (9E)-octadecenoyl-CoA[c] + 0.0001 (9E)-tetradecenoyl-CoA[c] + 0.0001 (9Z,12Z,15Z,18Z)-tetracosatetraenoyl-CoA[c] + 0.0001 (9Z,12Z,15Z,18Z,21Z)-tetracosapentaenoyl-CoA[c] + 0.0001 10,13,16,19-docosatetraenoyl-CoA[c] + 0.0001 10,13,16-docosatrienoyl-CoA[c] + 0.0001 12,15,18,21-tetracosatetraenoyl-CoA[c] + 0.0001 13,16,19-docosatrienoyl-CoA[c] + 0.0001 5-tetradecenoyl-CoA[c] + 0.0229 7-hexadecenoyl-CoA[c] + 0.0001 9-eicosenoyl-CoA[c] + 0.0001 9-heptadecenoyl-CoA[c] + 0.0521 arachidonyl-CoA[c] + 0.0217 cis-vaccenoyl-CoA[c] + 0.0023 dihomo-gamma-linolenoyl-CoA[c] + 0.0001 docosanoyl-CoA[c] + 0.0001 eicosanoyl-CoA[c] + 0.003 gamma-linolenoyl-CoA[c] + 0.0001 heneicosanoyl-CoA[c] + 0.0001 heptadecanoyl-CoA[c] + 0.0001 hexacosanoyl-CoA[c] + 0.0001 hexacosenoyl-CoA[c] + 0.0001 lauroyl-CoA[c] + 0.0119 linolenoyl-CoA[c] + 0.281 linoleoyl-CoA[c] + 0.0024 myristoyl-CoA[c] + 0.0001 nonadecanoyl-CoA[c] + 0.4226 oleoyl-CoA[c] + 0.0001 palmitoleoyl-CoA[c] + 0.12 palmitoyl-CoA[c] + 0.0001 pentadecanoyl-CoA[c] + 0.0384 stearoyl-CoA[c] + 0.0001 tetracosanoyl-CoA[c] + 0.0001 tricosanoyl-CoA[c] + 0.0001 tridecanoyl-CoA[c] => acyl-CoA-LD-TG2 pool (liver tissue)[c]",,,,,,,vmhreaction/HMR_0546;sbo/SBO:0000176,Pool reactions,,,PMID:16137923,0,16.881,0,0,0,-4.44E-16
MAR00545,,,"0.0001 (10Z)-heptadecenoyl-CoA[c] + 0.0001 (11Z)-docosenoyl-CoA[c] + 0.0001 (11Z)-eicosenoyl-CoA[c] + 0.0001 (11Z,14Z)-eicosadienoyl-CoA[c] + 0.0001 (11Z,14Z,17Z)-eicosatrienoyl-CoA[c] + 0.0001 (13Z)-docosenoyl-CoA[c] + 0.0001 (13Z)-eicosenoyl-CoA[c] + 0.0001 (13Z)-octadecenoyl-CoA[c] + 0.0001 (13Z,16Z)-docosadienoyl-CoA[c] + 0.0001 (15Z)-tetracosenoyl-CoA[c] + 0.0008 (4Z,7Z,10Z,13Z,16Z)-docosapentaenoyl-CoA[c] + 0.0268 (4Z,7Z,10Z,13Z,16Z,19Z)-docosahexaenoyl-CoA[c] + 0.0001 (5Z,8Z,11Z)-eicosatrienoyl-CoA[c] + 0.0068 (5Z,8Z,11Z,14Z,17Z)-eicosapentaenoyl-CoA[c] + 0.0001 (6Z,9Z)-octadecadienoyl-CoA[c] + 0.0024 (6Z,9Z,12Z,15Z)-octadecatetraenoyl-CoA[c] + 0.0001 (6Z,9Z,12Z,15Z,18Z)-tetracosapentaenoyl-CoA[c] + 0.0001 (6Z,9Z,12Z,15Z,18Z,21Z)-tetracosahexaenoyl-CoA[c] + 0.0001 (7Z)-octadecenoyl-CoA[c] + 0.0001 (7Z)-tetradecenoyl-CoA[c] + 0.0008 (7Z,10Z,13Z,16Z)-docosatetraenoyl-CoA[c] + 0.0053 (7Z,10Z,13Z,16Z,19Z)-docosapentaenoyl-CoA[c] + 0.0001 (8Z,11Z)-eicosadienoyl-CoA[c] + 0.0001 (8Z,11Z,14Z,17Z)-eicosatetraenoyl-CoA[c] + 0.0001 (9E)-octadecenoyl-CoA[c] + 0.0001 (9E)-tetradecenoyl-CoA[c] + 0.0001 (9Z,12Z,15Z,18Z)-tetracosatetraenoyl-CoA[c] + 0.0001 (9Z,12Z,15Z,18Z,21Z)-tetracosapentaenoyl-CoA[c] + 0.0001 10,13,16,19-docosatetraenoyl-CoA[c] + 0.0001 10,13,16-docosatrienoyl-CoA[c] + 0.0001 12,15,18,21-tetracosatetraenoyl-CoA[c] + 0.0001 13,16,19-docosatrienoyl-CoA[c] + 0.0001 5-tetradecenoyl-CoA[c] + 0.0288 7-hexadecenoyl-CoA[c] + 0.0001 9-eicosenoyl-CoA[c] + 0.0001 9-heptadecenoyl-CoA[c] + 0.0544 arachidonyl-CoA[c] + 0.0241 cis-vaccenoyl-CoA[c] + 0.0091 dihomo-gamma-linolenoyl-CoA[c] + 0.0001 docosanoyl-CoA[c] + 0.0001 eicosanoyl-CoA[c] + 0.0048 gamma-linolenoyl-CoA[c] + 0.0001 heneicosanoyl-CoA[c] + 0.0001 heptadecanoyl-CoA[c] + 0.0001 hexacosanoyl-CoA[c] + 0.0001 hexacosenoyl-CoA[c] + 0.0001 lauroyl-CoA[c] + 0.0031 linolenoyl-CoA[c] + 0.16 linoleoyl-CoA[c] + 0.0174 myristoyl-CoA[c] + 0.0001 nonadecanoyl-CoA[c] + 0.2632 oleoyl-CoA[c] + 0.0001 palmitoleoyl-CoA[c] + 0.27 palmitoyl-CoA[c] + 0.0001 pentadecanoyl-CoA[c] + 0.118 stearoyl-CoA[c] + 0.0001 tetracosanoyl-CoA[c] + 0.0001 tricosanoyl-CoA[c] + 0.0001 tridecanoyl-CoA[c] => acyl-CoA-CL pool (liver tissue)[c]",,,,,,,vmhreaction/HMR_0545;sbo/SBO:0000176,Pool reactions,,,PMID:1550861,0,16.6164,0,0.00E+00,0,0
MAR10037,,cholesterol-ester pool formation and breakdown,"cholesterol-ester pool[l] <=> 0.0004 cholesterol-ester-10,13,16,19-docosa[l] + 0.0004 cholesterol-ester-10,13,16-docosa[l] + 0.0004 cholesterol-ester-10-hepta[l] + 0.0004 cholesterol-ester-11,14,17-eico[l] + 0.0004 cholesterol-ester-11,14-eicosa[l] + 0.0004 cholesterol-ester-11-docose[l] + 0.0004 cholesterol-ester-11-eico[l] + 0.0004 cholesterol-ester-12,15,18,21-tetracosa[l] + 0.0004 cholesterol-ester-13,16,19-doco[l] + 0.0004 cholesterol-ester-13,16-docosa[l] + 0.0004 cholesterol-ester-13-docose[l] + 0.0004 cholesterol-ester-13-eicose[l] + 0.0004 cholesterol-ester-13-octade[l] + 0.0004 cholesterol-ester-15-tetra[l] + 0.0278 cholesterol-ester-4,7,10,13,16,19-doco[l] + 0.0038 cholesterol-ester-4,7,10,13,16-docosa[l] + 0.0116 cholesterol-ester-5,8,11,14,17-eico[l] + 0.0004 cholesterol-ester-5,8,11-eico[l] + 0.0004 cholesterol-ester-5-tetra[l] + 0.0004 cholesterol-ester-6,9,12,15,18,21-tetra[l] + 0.0004 cholesterol-ester-6,9,12,15,18-tetraco[l] + 0.0025 cholesterol-ester-6,9,12,15-octa[l] + 0.0004 cholesterol-ester-6,9-octa[l] + 0.0059 cholesterol-ester-7,10,13,16,19-docosa[l] + 0.0014 cholesterol-ester-7,10,13,16-docosa[l] + 0.0004 cholesterol-ester-7-hexa[l] + 0.0004 cholesterol-ester-7-octade[l] + 0.0004 cholesterol-ester-7-tetrade[l] + 0.0115 cholesterol-ester-8,11,14,17-eico[l] + 0.0004 cholesterol-ester-8,11-eico[l] + 0.0004 cholesterol-ester-9,12,15,18,21-tetra[l] + 0.0004 cholesterol-ester-9,12,15,18-tetraco[l] + 0.0004 cholesterol-ester-9-eicose[l] + 0.0004 cholesterol-ester-9-heptade[l] + 0.0004 cholesterol-ester-9-octa[l] + 0.0004 cholesterol-ester-9-tetrade[l] + 0.1083 cholesterol-ester-arach[l] + 0.025 cholesterol-ester-cis-vac[l] + 0.0215 cholesterol-ester-dihomo-gamma[l] + 0.0004 cholesterol-ester-docosa[l] + 0.0004 cholesterol-ester-eico[l] + 0.0029 cholesterol-ester-gamma-lin[l] + 0.0004 cholesterol-ester-heneico[l] + 0.0004 cholesterol-ester-hepta[l] + 0.0004 cholesterol-ester-hexacosa[l] + 0.0004 cholesterol-ester-hexecose[l] + 0.0004 cholesterol-ester-laur[l] + 0.1915 cholesterol-ester-lin[l] + 0.0084 cholesterol-ester-linolen[l] + 0.0133 cholesterol-ester-myrist[l] + 0.0004 cholesterol-ester-nanode[l] + 0.1545 cholesterol-ester-ol[l] + 0.222 cholesterol-ester-palm[l] + 0.0219 cholesterol-ester-palmn[l] + 0.0004 cholesterol-ester-penta[l] + 0.1498 cholesterol-ester-stea[l] + 0.0004 cholesterol-ester-tetraco[l] + 0.0004 cholesterol-ester-trico[l] + 0.0004 cholesterol-ester-tridec[l]",,,,,,,sbo/SBO:0000176,Pool reactions,,,,0,-16.9524,0,0,0,0
MAR05257,,,"fatty acid-LD-PC pool (liver tissue)[r] => 0.0005 (10Z)-heptadecenoic acid[r] + 0.0005 (11Z,14Z)-eicosadienoic acid[r] + 0.0005 (11Z,14Z,17Z)-eicosatrienoic acid[r] + 0.0005 (13Z)-eicosenoic acid[r] + 0.0005 (13Z)-octadecenoic acid[r] + 0.0005 (13Z,16Z)-docosadienoic acid[r] + 0.0039 (4Z,7Z,10Z,13Z,16Z)-DPA[r] + 0.0005 (6Z,9Z)-octadecadienoic acid[r] + 0.0005 (6Z,9Z,12Z,15Z,18Z)-TPA[r] + 0.0005 (6Z,9Z,12Z,15Z,18Z,21Z)-THA[r] + 0.0005 (7Z)-octadecenoic acid[r] + 0.0005 (7Z)-tetradecenoic acid[r] + 0.0005 (9E)-tetradecenoic acid[r] + 0.0005 (9Z,12Z,15Z,18Z)-TTA[r] + 0.0005 (9Z,12Z,15Z,18Z,21Z)-TPA[r] + 0.0005 10,13,16,19-docosatetraenoic acid[r] + 0.0005 10,13,16-docosatriynoic acid[r] + 0.0005 12,15,18,21-tetracosatetraenoic acid[r] + 0.0005 13,16,19-docosatrienoic acid[r] + 0.0005 7-palmitoleic acid[r] + 0.0005 8,11-eicosadienoic acid[r] + 0.0005 9-eicosenoic acid[r] + 0.0005 9-heptadecylenic acid[r] + 0.0011 adrenic acid[r] + 0.0709 arachidonate[r] + 0.0005 behenic acid[r] + 0.0005 cerotic acid[r] + 0.0005 cis-cetoleic acid[r] + 0.0005 cis-erucic acid[r] + 0.0005 cis-gondoic acid[r] + 0.0271 cis-vaccenic acid[r] + 0.0252 DHA[r] + 0.0228 dihomo-gamma-linolenate[r] + 0.0056 DPA[r] + 0.0005 eicosanoate[r] + 0.0005 elaidate[r] + 0.0109 EPA[r] + 0.0036 gamma-linolenate[r] + 0.0005 henicosanoic acid[r] + 0.0005 lauric acid[r] + 0.0005 lignocerate[r] + 0.2479 linoleate[r] + 0.0047 linolenate[r] + 0.0005 margaric acid[r] + 0.0005 mead acid[r] + 0.0054 myristic acid[r] + 0.0005 nervonic acid[r] + 0.0005 nonadecylic acid[r] + 0.1143 oleate[r] + 0.0178 omega-3-arachidonic acid[r] + 0.2781 palmitate[r] + 0.0105 palmitolate[r] + 0.0005 pentadecylic acid[r] + 0.0005 physeteric acid[r] + 0.1271 stearate[r] + 0.0026 stearidonic acid[r] + 0.0005 tricosanoic acid[r] + 0.0005 tridecylic acid[r] + 0.0005 ximenic acid[r]",,,,,,,vmhreaction/HMR_5257;sbo/SBO:0000176,Pool reactions,,,PMID:16137923,0,-16.8292,0,0.00E+00,0,0
MAR00685,,,"fatty acid-LD-TG1 pool (liver tissue)[c] => 0.0001 (10Z)-heptadecenoic acid[c] + 0.0001 (11Z,14Z)-eicosadienoic acid[c] + 0.0001 (11Z,14Z,17Z)-eicosatrienoic acid[c] + 0.0001 (13Z)-eicosenoic acid[c] + 0.0001 (13Z)-octadecenoic acid[c] + 0.0001 (13Z,16Z)-docosadienoic acid[c] + 0.0001 (4Z,7Z,10Z,13Z,16Z)-DPA[c] + 0.0001 (6Z,9Z)-octadecadienoic acid[c] + 0.0001 (6Z,9Z,12Z,15Z,18Z)-TPA[c] + 0.0001 (6Z,9Z,12Z,15Z,18Z,21Z)-THA[c] + 0.0001 (7Z)-octadecenoic acid[c] + 0.0001 (7Z)-tetradecenoic acid[c] + 0.0001 (9E)-tetradecenoic acid[c] + 0.0001 (9Z,12Z,15Z,18Z)-TTA[c] + 0.0001 (9Z,12Z,15Z,18Z,21Z)-TPA[c] + 0.0001 10,13,16,19-docosatetraenoic acid[c] + 0.0001 10,13,16-docosatriynoic acid[c] + 0.0001 12,15,18,21-tetracosatetraenoic acid[c] + 0.0001 13,16,19-docosatrienoic acid[c] + 0.0001 7-palmitoleic acid[c] + 0.0001 8,11-eicosadienoic acid[c] + 0.0001 9-eicosenoic acid[c] + 0.0001 9-heptadecylenic acid[c] + 0.0001 adrenic acid[c] + 0.0024 arachidonate[c] + 0.0001 behenic acid[c] + 0.0001 cerotic acid[c] + 0.0001 cis-cetoleic acid[c] + 0.0001 cis-erucic acid[c] + 0.0001 cis-gondoic acid[c] + 0.0208 cis-vaccenic acid[c] + 0.0005 DHA[c] + 0.0013 dihomo-gamma-linolenate[c] + 0.0017 DPA[c] + 0.0001 eicosanoate[c] + 0.0001 elaidate[c] + 0.0013 EPA[c] + 0.0048 gamma-linolenate[c] + 0.0001 henicosanoic acid[c] + 0.0001 lauric acid[c] + 0.0001 lignocerate[c] + 0.0741 linoleate[c] + 0.0037 linolenate[c] + 0.0001 margaric acid[c] + 0.0001 mead acid[c] + 0.0096 myristic acid[c] + 0.0001 nervonic acid[c] + 0.0001 nonadecylic acid[c] + 0.122 oleate[c] + 0.0001 omega-3-arachidonic acid[c] + 0.64 palmitate[c] + 0.0286 palmitolate[c] + 0.0001 pentadecylic acid[c] + 0.0001 physeteric acid[c] + 0.082 stearate[c] + 0.0028 stearidonic acid[c] + 0.0001 tricosanoic acid[c] + 0.0001 tridecylic acid[c] + 0.0001 ximenic acid[c]",,,,,,,vmhreaction/HMR_0685;sbo/SBO:0000176,Pool reactions,,,PMID:16137923,0,-15.6522,0,0,0,0
MAR00012,,,"fatty acid-uptake pool[e] => 0.0001 (10Z)-heptadecenoic acid[e] + 0.0001 (11Z,14Z)-eicosadienoic acid[e] + 0.0001 (11Z,14Z,17Z)-eicosatrienoic acid[e] + 0.0001 (13Z)-eicosenoic acid[e] + 0.0001 (13Z)-octadecenoic acid[e] + 0.0001 (13Z,16Z)-docosadienoic acid[e] + 0.0001 (4Z,7Z,10Z,13Z,16Z)-DPA[e] + 0.0001 (6Z,9Z)-octadecadienoic acid[e] + 0.0001 (6Z,9Z,12Z,15Z,18Z)-TPA[e] + 0.0001 (6Z,9Z,12Z,15Z,18Z,21Z)-THA[e] + 0.0001 (7Z)-octadecenoic acid[e] + 0.0001 (7Z)-tetradecenoic acid[e] + 0.0001 (9E)-tetradecenoic acid[e] + 0.0001 (9Z,12Z,15Z,18Z)-TTA[e] + 0.0001 (9Z,12Z,15Z,18Z,21Z)-TPA[e] + 0.0001 10,13,16,19-docosatetraenoic acid[e] + 0.0001 10,13,16-docosatriynoic acid[e] + 0.0001 12,15,18,21-tetracosatetraenoic acid[e] + 0.0001 13,16,19-docosatrienoic acid[e] + 0.0001 7-palmitoleic acid[e] + 0.0001 8,11-eicosadienoic acid[e] + 0.0001 9-eicosenoic acid[e] + 0.0001 9-heptadecylenic acid[e] + 0.0001 adrenic acid[e] + 0.0082 arachidonate[e] + 0.0001 behenic acid[e] + 0.0001 cerotic acid[e] + 0.0001 cis-cetoleic acid[e] + 0.0001 cis-erucic acid[e] + 0.0001 cis-gondoic acid[e] + 0.0001 cis-vaccenic acid[e] + 0.0041 DHA[e] + 0.002 dihomo-gamma-linolenate[e] + 0.0001 DPA[e] + 0.0001 eicosanoate[e] + 0.0001 elaidate[e] + 0.001 EPA[e] + 0.0001 gamma-linolenate[e] + 0.0001 henicosanoic acid[e] + 0.0001 lauric acid[e] + 0.0001 lignocerate[e] + 0.1535 linoleate[e] + 0.0092 linolenate[e] + 0.0001 margaric acid[e] + 0.0001 mead acid[e] + 0.0338 myristic acid[e] + 0.0001 nervonic acid[e] + 0.0001 nonadecylic acid[e] + 0.3837 oleate[e] + 0.0001 omega-3-arachidonic acid[e] + 0.3015 palmitate[e] + 0.0522 palmitolate[e] + 0.0001 pentadecylic acid[e] + 0.0001 physeteric acid[e] + 0.046 stearate[e] + 0.0001 stearidonic acid[e] + 0.0001 tricosanoic acid[e] + 0.0001 tridecylic acid[e] + 0.0001 ximenic acid[e]",,,,,,,vmhreaction/HMR_0012;sbo/SBO:0000176,Pool reactions,,,,0,-16.2056,0,0.00E+00,0,0
MAR00686,,,"fatty acid-LD-TG2 pool (liver tissue)[c] => 0.0001 (10Z)-heptadecenoic acid[c] + 0.0001 (11Z,14Z)-eicosadienoic acid[c] + 0.0001 (11Z,14Z,17Z)-eicosatrienoic acid[c] + 0.0001 (13Z)-eicosenoic acid[c] + 0.0001 (13Z)-octadecenoic acid[c] + 0.0001 (13Z,16Z)-docosadienoic acid[c] + 0.0016 (4Z,7Z,10Z,13Z,16Z)-DPA[c] + 0.0001 (6Z,9Z)-octadecadienoic acid[c] + 0.0001 (6Z,9Z,12Z,15Z,18Z)-TPA[c] + 0.0001 (6Z,9Z,12Z,15Z,18Z,21Z)-THA[c] + 0.0001 (7Z)-octadecenoic acid[c] + 0.0001 (7Z)-tetradecenoic acid[c] + 0.0001 (9E)-tetradecenoic acid[c] + 0.0001 (9Z,12Z,15Z,18Z)-TTA[c] + 0.0001 (9Z,12Z,15Z,18Z,21Z)-TPA[c] + 0.0001 10,13,16,19-docosatetraenoic acid[c] + 0.0001 10,13,16-docosatriynoic acid[c] + 0.0001 12,15,18,21-tetracosatetraenoic acid[c] + 0.0001 13,16,19-docosatrienoic acid[c] + 0.0001 7-palmitoleic acid[c] + 0.0001 8,11-eicosadienoic acid[c] + 0.0001 9-eicosenoic acid[c] + 0.0001 9-heptadecylenic acid[c] + 0.0032 adrenic acid[c] + 0.0521 arachidonate[c] + 0.0001 behenic acid[c] + 0.0001 cerotic acid[c] + 0.0001 cis-cetoleic acid[c] + 0.0001 cis-erucic acid[c] + 0.0001 cis-gondoic acid[c] + 0.0217 cis-vaccenic acid[c] + 0.0081 DHA[c] + 0.0023 dihomo-gamma-linolenate[c] + 0.0018 DPA[c] + 0.0001 eicosanoate[c] + 0.0001 elaidate[c] + 0.0003 EPA[c] + 0.003 gamma-linolenate[c] + 0.0001 henicosanoic acid[c] + 0.0001 lauric acid[c] + 0.0001 lignocerate[c] + 0.281 linoleate[c] + 0.0119 linolenate[c] + 0.0001 margaric acid[c] + 0.0001 mead acid[c] + 0.0024 myristic acid[c] + 0.0001 nervonic acid[c] + 0.0001 nonadecylic acid[c] + 0.4226 oleate[c] + 0.0001 omega-3-arachidonic acid[c] + 0.12 palmitate[c] + 0.0229 palmitolate[c] + 0.0001 pentadecylic acid[c] + 0.0001 physeteric acid[c] + 0.0384 stearate[c] + 0.0025 stearidonic acid[c] + 0.0001 tricosanoic acid[c] + 0.0001 tridecylic acid[c] + 0.0001 ximenic acid[c]",,,,,,,vmhreaction/HMR_0686;sbo/SBO:0000176,Pool reactions,,,PMID:16137923,0,-16.881,0,2.22E-16,0,0
MAR00559,,,"0.0005 1-acylglycerol-3P-10,13,16,19-doco[c] + 0.0005 1-acylglycerol-3P-10,13,16-docosa[c] + 0.0005 1-acylglycerol-3P-10-heptade[c] + 0.0005 1-acylglycerol-3P-11,14,17-eico[c] + 0.0005 1-acylglycerol-3P-11,14-eicosa[c] + 0.0005 1-acylglycerol-3P-11-docose[c] + 0.0005 1-acylglycerol-3P-11-eico[c] + 0.0005 1-acylglycerol-3P-12,15,18,21-tetra[c] + 0.0005 1-acylglycerol-3P-13,16,19-doco[c] + 0.0005 1-acylglycerol-3P-13,16-docosa[c] + 0.0005 1-acylglycerol-3P-13-docose[c] + 0.0005 1-acylglycerol-3P-13-eicose[c] + 0.0005 1-acylglycerol-3P-13-octade[c] + 0.0005 1-acylglycerol-3P-15-tetra[c] + 0.0269 1-acylglycerol-3P-4,7,10,13,16,19-doco[c] + 0.0124 1-acylglycerol-3P-4,7,10,13,16-docosa[c] + 0.0043 1-acylglycerol-3P-5,8,11,14,17-eico[c] + 0.0005 1-acylglycerol-3P-5,8,11-eico[c] + 0.0005 1-acylglycerol-3P-5-tetrade[c] + 0.0005 1-acylglycerol-3P-6,9,12,15,18,21-tetra[c] + 0.0005 1-acylglycerol-3P-6,9,12,15,18-tetraco[c] + 0.0027 1-acylglycerol-3P-6,9,12,15-octa[c] + 0.0005 1-acylglycerol-3P-6,9-octa[c] + 0.0101 1-acylglycerol-3P-7,10,13,16,19-docosa[c] + 0.0031 1-acylglycerol-3P-7,10,13,16-docosa[c] + 0.0053 1-acylglycerol-3P-7-hexade[c] + 0.0005 1-acylglycerol-3P-7-octade[c] + 0.0005 1-acylglycerol-3P-7-tetrade[c] + 0.0179 1-acylglycerol-3P-8,11,14,17-eico[c] + 0.0005 1-acylglycerol-3P-8,11-eico[c] + 0.0005 1-acylglycerol-3P-9,12,15,18,21-tetra[c] + 0.0005 1-acylglycerol-3P-9,12,15,18-tetraco[c] + 0.0005 1-acylglycerol-3P-9-eicose[c] + 0.0005 1-acylglycerol-3P-9-heptade[c] + 0.0005 1-acylglycerol-3P-9-octade[c] + 0.0005 1-acylglycerol-3P-9-tetrade[c] + 0.2118 1-acylglycerol-3P-arach[c] + 0.0266 1-acylglycerol-3P-cis-vac[c] + 0.0228 1-acylglycerol-3P-dihomo-gamma[c] + 0.0005 1-acylglycerol-3P-docosa[c] + 0.0005 1-acylglycerol-3P-eico[c] + 0.0012 1-acylglycerol-3P-gamma-lin[c] + 0.0005 1-acylglycerol-3P-heneico[c] + 0.0005 1-acylglycerol-3P-heptade[c] + 0.0005 1-acylglycerol-3P-hexacosa[c] + 0.0005 1-acylglycerol-3P-hexecose[c] + 0.0005 1-acylglycerol-3P-laur[c] + 0.0678 1-acylglycerol-3P-lin[c] + 0.0019 1-acylglycerol-3P-linolen[c] + 0.0056 1-acylglycerol-3P-myrist[c] + 0.0005 1-acylglycerol-3P-nanode[c] + 0.136 1-acylglycerol-3P-ol[c] + 0.0678 1-acylglycerol-3P-palm[c] + 0.0005 1-acylglycerol-3P-palmn[c] + 0.0005 1-acylglycerol-3P-pentade[c] + 0.3553 1-acylglycerol-3P-stea[c] + 0.0005 1-acylglycerol-3P-tetraco[c] + 0.0005 1-acylglycerol-3P-trico[c] + 0.0005 1-acylglycerol-3P-tridec[c] => 1-acylglycerol-3P-LD-PI pool (liver tissue)[c]",,,,,,,vmhreaction/HMR_0559;sbo/SBO:0000176,Pool reactions,,,PMID:16137927,0,17.595,0,0.00E+00,0,0
MAR00690,,,"fatty acid-LD-PS pool (liver tissue)[c] => 0.0005 (10Z)-heptadecenoic acid[c] + 0.0005 (11Z,14Z)-eicosadienoic acid[c] + 0.0005 (11Z,14Z,17Z)-eicosatrienoic acid[c] + 0.0005 (13Z)-eicosenoic acid[c] + 0.0005 (13Z)-octadecenoic acid[c] + 0.0005 (13Z,16Z)-docosadienoic acid[c] + 0.0055 (4Z,7Z,10Z,13Z,16Z)-DPA[c] + 0.0005 (6Z,9Z)-octadecadienoic acid[c] + 0.0005 (6Z,9Z,12Z,15Z,18Z)-TPA[c] + 0.0005 (6Z,9Z,12Z,15Z,18Z,21Z)-THA[c] + 0.0005 (7Z)-octadecenoic acid[c] + 0.0005 (7Z)-tetradecenoic acid[c] + 0.0005 (9E)-tetradecenoic acid[c] + 0.0005 (9Z,12Z,15Z,18Z)-TTA[c] + 0.0005 (9Z,12Z,15Z,18Z,21Z)-TPA[c] + 0.0005 10,13,16,19-docosatetraenoic acid[c] + 0.0005 10,13,16-docosatriynoic acid[c] + 0.0005 12,15,18,21-tetracosatetraenoic acid[c] + 0.0005 13,16,19-docosatrienoic acid[c] + 0.0005 7-palmitoleic acid[c] + 0.0005 8,11-eicosadienoic acid[c] + 0.0005 9-eicosenoic acid[c] + 0.0005 9-heptadecylenic acid[c] + 0.0043 adrenic acid[c] + 0.2005 arachidonate[c] + 0.0005 behenic acid[c] + 0.0005 cerotic acid[c] + 0.0005 cis-cetoleic acid[c] + 0.0005 cis-erucic acid[c] + 0.0005 cis-gondoic acid[c] + 0.0131 cis-vaccenic acid[c] + 0.0931 DHA[c] + 0.0089 dihomo-gamma-linolenate[c] + 0.0329 DPA[c] + 0.0005 eicosanoate[c] + 0.0005 elaidate[c] + 0.0286 EPA[c] + 0.0011 gamma-linolenate[c] + 0.0005 henicosanoic acid[c] + 0.0005 lauric acid[c] + 0.0005 lignocerate[c] + 0.0177 linoleate[c] + 0.0035 linolenate[c] + 0.0005 margaric acid[c] + 0.0005 mead acid[c] + 0.0055 myristic acid[c] + 0.0005 nervonic acid[c] + 0.0005 nonadecylic acid[c] + 0.0323 oleate[c] + 0.0174 omega-3-arachidonic acid[c] + 0.0337 palmitate[c] + 0.0058 palmitolate[c] + 0.0005 pentadecylic acid[c] + 0.0005 physeteric acid[c] + 0.4731 stearate[c] + 0.0025 stearidonic acid[c] + 0.0005 tricosanoic acid[c] + 0.0005 tridecylic acid[c] + 0.0005 ximenic acid[c]",,,,,,,vmhreaction/HMR_0690;sbo/SBO:0000176,Pool reactions,,,PMID:16137923,0,-17.993,0,0.00E+00,0,0
MAR07165,,,[protein][c] + cysteine[c] => [protein]-L-cysteine[c] + H2O[c],,,,,,,vmhreaction/HMR_7165;sbo/SBO:0000176,Terpenoid backbone biosynthesis,,,,0,-1,-1,-1,0,0
MAR05267,,,86 ATP[m] + 172 H2O[m] + mitoApo-[ACP][m] => 86 ADP[m] + 3 alanine[m] + arginine[m] + asparagine[m] + 13 aspartate[m] + cysteine[m] + 9 glutamate[m] + 3 glutamine[m] + 3 glycine[m] + 100 H+[m] + histidine[m] + 8 isoleucine[m] + 10 leucine[m] + 7 lysine[m] + 5 methionine[m] + 3 phenylalanine[m] + 86 Pi[m] + 5 proline[m] + 3 serine[m] + threonine[m] + 4 tyrosine[m] + 6 valine[m],,,,,,,vmhreaction/r1359;sbo/SBO:0000176,Protein degradation,,,,0,-452,-103,-143,-6,0
MAR00692,,,"fatty acid-LD-SM pool (liver tissue)[c] <=> 0.002 (10Z)-heptadecenoic acid[c] + 0.002 (11Z,14Z)-eicosadienoic acid[c] + 0.002 (11Z,14Z,17Z)-eicosatrienoic acid[c] + 0.002 (13Z)-eicosenoic acid[c] + 0.002 (13Z)-octadecenoic acid[c] + 0.002 (13Z,16Z)-docosadienoic acid[c] + 0.002 (4Z,7Z,10Z,13Z,16Z)-DPA[c] + 0.002 (6Z,9Z)-octadecadienoic acid[c] + 0.002 (6Z,9Z,12Z,15Z,18Z)-TPA[c] + 0.002 (6Z,9Z,12Z,15Z,18Z,21Z)-THA[c] + 0.002 (7Z)-octadecenoic acid[c] + 0.002 (7Z)-tetradecenoic acid[c] + 0.002 (9E)-tetradecenoic acid[c] + 0.002 (9Z,12Z,15Z,18Z)-TTA[c] + 0.002 (9Z,12Z,15Z,18Z,21Z)-TPA[c] + 0.002 10,13,16,19-docosatetraenoic acid[c] + 0.002 10,13,16-docosatriynoic acid[c] + 0.002 12,15,18,21-tetracosatetraenoic acid[c] + 0.002 13,16,19-docosatrienoic acid[c] + 0.002 7-palmitoleic acid[c] + 0.002 8,11-eicosadienoic acid[c] + 0.002 9-eicosenoic acid[c] + 0.002 9-heptadecylenic acid[c] + 0.002 adrenic acid[c] + 0.0136 arachidonate[c] + 0.002 behenic acid[c] + 0.002 cerotic acid[c] + 0.002 cis-cetoleic acid[c] + 0.002 cis-erucic acid[c] + 0.002 cis-gondoic acid[c] + 0.0453 cis-vaccenic acid[c] + 0.003 DHA[c] + 0.002 dihomo-gamma-linolenate[c] + 0.002 DPA[c] + 0.002 eicosanoate[c] + 0.002 elaidate[c] + 0.0068 EPA[c] + 0.002 gamma-linolenate[c] + 0.002 henicosanoic acid[c] + 0.002 lauric acid[c] + 0.002 lignocerate[c] + 0.025 linoleate[c] + 0.0075 linolenate[c] + 0.002 margaric acid[c] + 0.002 mead acid[c] + 0.011 myristic acid[c] + 0.002 nervonic acid[c] + 0.002 nonadecylic acid[c] + 0.061 oleate[c] + 0.002 omega-3-arachidonic acid[c] + 0.557 palmitate[c] + 0.0358 palmitolate[c] + 0.002 pentadecylic acid[c] + 0.002 physeteric acid[c] + 0.138 stearate[c] + 0.002 stearidonic acid[c] + 0.002 tricosanoic acid[c] + 0.002 tridecylic acid[c] + 0.002 ximenic acid[c]",,,,,,,vmhreaction/HMR_0692;sbo/SBO:0000176,Pool reactions,,,PMID:16137923,0,-16.0152,0,0.00E+00,0,0
MAR04413,,Generic Human Biomass Reaction,0.50563 alanine[c] + 0.35926 arginine[c] + 0.27942 asparagine[c] + 0.35261 aspartate[c] + 20.7045 ATP[c] + 0.020401 cholesterol[c] + 0.011658 CL pool[c] + 0.039036 CTP[c] + 0.046571 cysteine[c] + 0.013183 dATP[n] + 0.009442 dCTP[n] + 0.009898 dGTP[n] + 0.013091 dTTP[n] + 0.27519 glucose-6-phosphate[c] + 0.38587 glutamate[c] + 0.326 glutamine[c] + 0.53889 glycine[c] + 0.036117 GTP[c] + 20.6508 H2O[c] + 0.12641 histidine[c] + 0.28608 isoleucine[c] + 0.54554 leucine[c] + 0.59211 lysine[c] + 0.15302 methionine[c] + 0.15446 PC-LD pool[c] + 0.055374 PE-LD pool[c] + 0.25947 phenylalanine[c] + 0.023315 PI pool[c] + 0.41248 proline[c] + 0.005829 PS-LD pool[c] + 0.39253 serine[c] + 0.017486 SM pool[c] + 0.31269 threonine[c] + 0.013306 tryptophan[c] + 0.15967 tyrosine[c] + 0.053446 UTP[c] + 0.35261 valine[c] + 0.002914 PG-CL pool[c] => 20.6508 ADP[c] + 20.6508 H+[c] + 20.6508 Pi[c] + biomass[c],,,,0,,,sbo/SBO:0000629,Artificial reactions,,,,0,38.424084,10.034866,23.760935,0.199589,1.241414
MAR07625,,,[protein]-L-arginine[c] + H2O[c] + NAD+[c] => [protein][c] + H+[c] + N(omega)-(ADP-D-ribosyl)-L-arginine[c] + nicotinamide[c],2.4.2.31,ENSG00000077463 or ENSG00000111339 or ENSG00000129744 or ENSG00000156219 or ENSG00000167311,,,,,kegg.reaction/R00555;vmhreaction/HMR_7625;metanetx.reaction/MNXR106580;sbo/SBO:0000176,Nicotinate and nicotinamide metabolism,,,,0,1,1,1,0,0
MAR07162,,,0.18 ADP[c] + 0.3 CDP[c] + 0.34 GDP[c] + 0.18 UDP[c] => Pi[c] + RNA[c],2.7.7.8,(ENSG00000113356 or ENSG00000121851) and (ENSG00000090060 or ENSG00000115421 or ENSG00000164329 or ENSG00000218823) and (ENSG00000083223 or ENSG00000134744 or ENSG00000149016) and ENSG00000005075 and ENSG00000013503 and ENSG00000047315 and ENSG00000058600 and ENSG00000066379 and ENSG00000068654 and ENSG00000099817 and ENSG00000099821 and ENSG00000100142 and ENSG00000100413 and ENSG00000102978 and ENSG00000105258 and ENSG00000107951 and ENSG00000125630 and ENSG00000132664 and ENSG00000137054 and ENSG00000144231 and ENSG00000147669 and ENSG00000148606 and ENSG00000161980 and ENSG00000163882 and ENSG00000168002 and ENSG00000168495 and ENSG00000171453 and ENSG00000177700 and ENSG00000181222 and ENSG00000186141 and ENSG00000186184,,,,,vmhreaction/HMR_7162;sbo/SBO:0000176,Nucleotide metabolism,,,,0,-5.48,3.86,-12,0,-2
MAR00549,,,"0.0005 (10Z)-heptadecenoyl-CoA[c] + 0.0005 (11Z)-docosenoyl-CoA[c] + 0.0005 (11Z)-eicosenoyl-CoA[c] + 0.0005 (11Z,14Z)-eicosadienoyl-CoA[c] + 0.0005 (11Z,14Z,17Z)-eicosatrienoyl-CoA[c] + 0.0005 (13Z)-docosenoyl-CoA[c] + 0.0005 (13Z)-eicosenoyl-CoA[c] + 0.0005 (13Z)-octadecenoyl-CoA[c] + 0.0005 (13Z,16Z)-docosadienoyl-CoA[c] + 0.0005 (15Z)-tetracosenoyl-CoA[c] + 0.0052 (4Z,7Z,10Z,13Z,16Z)-docosapentaenoyl-CoA[c] + 0.0459 (4Z,7Z,10Z,13Z,16Z,19Z)-docosahexaenoyl-CoA[c] + 0.0005 (5Z,8Z,11Z)-eicosatrienoyl-CoA[c] + 0.0221 (5Z,8Z,11Z,14Z,17Z)-eicosapentaenoyl-CoA[c] + 0.0005 (6Z,9Z)-octadecadienoyl-CoA[c] + 0.0025 (6Z,9Z,12Z,15Z)-octadecatetraenoyl-CoA[c] + 0.0005 (6Z,9Z,12Z,15Z,18Z)-tetracosapentaenoyl-CoA[c] + 0.0005 (6Z,9Z,12Z,15Z,18Z,21Z)-tetracosahexaenoyl-CoA[c] + 0.0005 (7Z)-octadecenoyl-CoA[c] + 0.0005 (7Z)-tetradecenoyl-CoA[c] + 0.0007 (7Z,10Z,13Z,16Z)-docosatetraenoyl-CoA[c] + 0.0067 (7Z,10Z,13Z,16Z,19Z)-docosapentaenoyl-CoA[c] + 0.0005 (8Z,11Z)-eicosadienoyl-CoA[c] + 0.0163 (8Z,11Z,14Z,17Z)-eicosatetraenoyl-CoA[c] + 0.0005 (9E)-octadecenoyl-CoA[c] + 0.0005 (9E)-tetradecenoyl-CoA[c] + 0.0005 (9Z,12Z,15Z,18Z)-tetracosatetraenoyl-CoA[c] + 0.0005 (9Z,12Z,15Z,18Z,21Z)-tetracosapentaenoyl-CoA[c] + 0.0005 10,13,16,19-docosatetraenoyl-CoA[c] + 0.0005 10,13,16-docosatrienoyl-CoA[c] + 0.0005 12,15,18,21-tetracosatetraenoyl-CoA[c] + 0.0005 13,16,19-docosatrienoyl-CoA[c] + 0.0005 5-tetradecenoyl-CoA[c] + 0.0327 7-hexadecenoyl-CoA[c] + 0.0005 9-eicosenoyl-CoA[c] + 0.0005 9-heptadecenoyl-CoA[c] + 0.2125 arachidonyl-CoA[c] + 0.0285 cis-vaccenoyl-CoA[c] + 0.0411 dihomo-gamma-linolenoyl-CoA[c] + 0.0005 docosanoyl-CoA[c] + 0.0005 eicosanoyl-CoA[c] + 0.0011 gamma-linolenoyl-CoA[c] + 0.0005 heneicosanoyl-CoA[c] + 0.0005 heptadecanoyl-CoA[c] + 0.0005 hexacosanoyl-CoA[c] + 0.0005 hexacosenoyl-CoA[c] + 0.0005 lauroyl-CoA[c] + 0.0166 linolenoyl-CoA[c] + 0.1312 linoleoyl-CoA[c] + 0.0319 myristoyl-CoA[c] + 0.0005 nonadecanoyl-CoA[c] + 0.0619 oleoyl-CoA[c] + 0.0005 palmitoleoyl-CoA[c] + 0.1243 palmitoyl-CoA[c] + 0.0005 pentadecanoyl-CoA[c] + 0.1983 stearoyl-CoA[c] + 0.0005 tetracosanoyl-CoA[c] + 0.0005 tricosanoyl-CoA[c] + 0.0005 tridecanoyl-CoA[c] => acyl-CoA-LD-PE pool (liver tissue)[c]",,,,,,,vmhreaction/HMR_0549;sbo/SBO:0000176,Pool reactions,,,PMID:16137926,0,17.4164,0,0,0,-4.44E-16
MAR06978,,,"[protein]-N6,N6,N6-trimethyl-L-lysine[c] + H2O[c] => [protein][c] + H+[c] + N6,N6,N6-trimethyl-L-lysine[c]",3.4.21.89;3.4.-.-,ENSG00000114902 and ENSG00000118363 and ENSG00000129128 and ENSG00000140612 and ENSG00000166562,,,,,kegg.reaction/R04313;vmhreaction/HMR_6978;metanetx.reaction/MNXR108803;sbo/SBO:0000176,Lysine metabolism,,,,0,1,1,1,0,0
MAR09931,,Biomass maintenance reaction without replication precursors,0.50563 alanine[c] + 0.35926 arginine[c] + 0.27942 asparagine[c] + 0.35261 aspartate[c] + 20.7045 ATP[c] + 0.020401 cholesterol[c] + 0.011658 CL pool[c] + 0.039036 CTP[c] + 0.046571 cysteine[c] + 0.27519 glucose-6-phosphate[c] + 0.38587 glutamate[c] + 0.326 glutamine[c] + 0.53889 glycine[c] + 0.036117 GTP[c] + 20.6508 H2O[c] + 0.12641 histidine[c] + 0.28608 isoleucine[c] + 0.54554 leucine[c] + 0.59211 lysine[c] + 0.15302 methionine[c] + 0.15446 PC-LD pool[c] + 0.055374 PE-LD pool[c] + 0.25947 phenylalanine[c] + 0.023315 PI pool[c] + 0.41248 proline[c] + 0.005829 PS-LD pool[c] + 0.39253 serine[c] + 0.017486 SM pool[c] + 0.31269 threonine[c] + 0.013306 tryptophan[c] + 0.15967 tyrosine[c] + 0.053446 UTP[c] + 0.35261 valine[c] + 0.002914 PG-CL pool[c] => 20.6508 ADP[c] + 20.6508 H+[c] + 20.6508 Pi[c] + biomass[c],,,,0,,,sbo/SBO:0000629,Artificial reactions,,,,0,37.978099,9.865323,23.168946,0.199591,1.104781
MAR07621,,,[protein][c] + arginine[c] => [protein]-L-arginine[c] + H2O[c],,,,,,,vmhreaction/HMR_7621;sbo/SBO:0000176,Protein modification,,,,0,-1,-1,-1,0,0
MAR07161,,,0.18 ATP[c] + 0.3 CTP[c] + 0.34 GTP[c] + 0.18 UTP[c] => PPi[c] + RNA[c],2.7.7.6;2.7.7.19;2.7.7.52,(ENSG00000113356 or ENSG00000121851) and (ENSG00000090060 or ENSG00000115421 or ENSG00000164329 or ENSG00000218823) and (ENSG00000083223 or ENSG00000134744 or ENSG00000149016) and ENSG00000005075 and ENSG00000013503 and ENSG00000047315 and ENSG00000058600 and ENSG00000066379 and ENSG00000068654 and ENSG00000099817 and ENSG00000099821 and ENSG00000100142 and ENSG00000100413 and ENSG00000102978 and ENSG00000105258 and ENSG00000107951 and ENSG00000125630 and ENSG00000132664 and ENSG00000137054 and ENSG00000144231 and ENSG00000147669 and ENSG00000148606 and ENSG00000161980 and ENSG00000163882 and ENSG00000168002 and ENSG00000168495 and ENSG00000171453 and ENSG00000177700 and ENSG00000181222 and ENSG00000186141 and ENSG00000186184,,,,,kegg.reaction/R00444;vmhreaction/HMR_7161;sbo/SBO:0000176,Nucleotide metabolism,,,,0,-5.48,3.86,-12,0,-2
MAR10033,,Fatty acid pool formation and breakdown,"fatty acid pool[c] <=> 0.0004 (10Z)-heptadecenoic acid[c] + 0.0004 (11Z,14Z)-eicosadienoic acid[c] + 0.0004 (11Z,14Z,17Z)-eicosatrienoic acid[c] + 0.0004 (13Z)-eicosenoic acid[c] + 0.0004 (13Z)-octadecenoic acid[c] + 0.0004 (13Z,16Z)-docosadienoic acid[c] + 0.0038 (4Z,7Z,10Z,13Z,16Z)-DPA[c] + 0.0004 (6Z,9Z)-octadecadienoic acid[c] + 0.0004 (6Z,9Z,12Z,15Z,18Z)-TPA[c] + 0.0004 (6Z,9Z,12Z,15Z,18Z,21Z)-THA[c] + 0.0004 (7Z)-octadecenoic acid[c] + 0.0004 (7Z)-tetradecenoic acid[c] + 0.0004 (9E)-tetradecenoic acid[c] + 0.0004 (9Z,12Z,15Z,18Z)-TTA[c] + 0.0004 (9Z,12Z,15Z,18Z,21Z)-TPA[c] + 0.0004 10,13,16,19-docosatetraenoic acid[c] + 0.0004 10,13,16-docosatriynoic acid[c] + 0.0004 12,15,18,21-tetracosatetraenoic acid[c] + 0.0004 13,16,19-docosatrienoic acid[c] + 0.0004 7-palmitoleic acid[c] + 0.0004 8,11-eicosadienoic acid[c] + 0.0004 9-eicosenoic acid[c] + 0.0004 9-heptadecylenic acid[c] + 0.0014 adrenic acid[c] + 0.1083 arachidonate[c] + 0.0004 behenic acid[c] + 0.0004 cerotic acid[c] + 0.0004 cis-cetoleic acid[c] + 0.0004 cis-erucic acid[c] + 0.0004 cis-gondoic acid[c] + 0.025 cis-vaccenic acid[c] + 0.0278 DHA[c] + 0.0215 dihomo-gamma-linolenate[c] + 0.0059 DPA[c] + 0.0004 eicosanoate[c] + 0.0004 elaidate[c] + 0.0116 EPA[c] + 0.0029 gamma-linolenate[c] + 0.0004 henicosanoic acid[c] + 0.0004 lauric acid[c] + 0.0004 lignocerate[c] + 0.1915 linoleate[c] + 0.0084 linolenate[c] + 0.0004 margaric acid[c] + 0.0004 mead acid[c] + 0.0133 myristic acid[c] + 0.0004 nervonic acid[c] + 0.0004 nonadecylic acid[c] + 0.1545 oleate[c] + 0.0115 omega-3-arachidonic acid[c] + 0.222 palmitate[c] + 0.0219 palmitolate[c] + 0.0004 pentadecylic acid[c] + 0.0004 physeteric acid[c] + 0.1498 stearate[c] + 0.0025 stearidonic acid[c] + 0.0004 tricosanoic acid[c] + 0.0004 tridecylic acid[c] + 0.0004 ximenic acid[c]",,,,,,,sbo/SBO:0000176,Pool reactions,,,,0,-16.9524,0,0,0,0
MAR07282,,,[protein][c] + asparagine[c] => [protein]-L-asparagine[c] + H2O[c],,,,,,,sbo/SBO:0000176,Protein modification,,,,0,4,2,2,0,0
MAR00022,,,[protein]-N6-(lipoyl)lysine[c] + biotin[c] + CoA[c] + cobamide-coenzyme[m] + cytochrome-C[m] + FADH2[c] + L-carnitine[c] + NADH[c] + NADPH[c] + riboflavin[c] + tetrahydrobiopterin[c] + THF[c] + ubiquinol[m] + 0.1 vitamin A derivatives[c] + 0.1 vitamin D derivatives[c] + 0.1 vitamin E derivatives[c] => cofactors and vitamins[c],,,,,,,vmhreaction/cofactors_vitamins;sbo/SBO:0000176,Artificial reactions,,,,0,3270,895,973,28,11
MAR00548,,,"0.0005 (10Z)-heptadecenoyl-CoA[c] + 0.0005 (11Z)-docosenoyl-CoA[c] + 0.0005 (11Z)-eicosenoyl-CoA[c] + 0.0005 (11Z,14Z)-eicosadienoyl-CoA[c] + 0.0005 (11Z,14Z,17Z)-eicosatrienoyl-CoA[c] + 0.0005 (13Z)-docosenoyl-CoA[c] + 0.0005 (13Z)-eicosenoyl-CoA[c] + 0.0005 (13Z)-octadecenoyl-CoA[c] + 0.0005 (13Z,16Z)-docosadienoyl-CoA[c] + 0.0005 (15Z)-tetracosenoyl-CoA[c] + 0.0039 (4Z,7Z,10Z,13Z,16Z)-docosapentaenoyl-CoA[c] + 0.0252 (4Z,7Z,10Z,13Z,16Z,19Z)-docosahexaenoyl-CoA[c] + 0.0005 (5Z,8Z,11Z)-eicosatrienoyl-CoA[c] + 0.0109 (5Z,8Z,11Z,14Z,17Z)-eicosapentaenoyl-CoA[c] + 0.0005 (6Z,9Z)-octadecadienoyl-CoA[c] + 0.0026 (6Z,9Z,12Z,15Z)-octadecatetraenoyl-CoA[c] + 0.0005 (6Z,9Z,12Z,15Z,18Z)-tetracosapentaenoyl-CoA[c] + 0.0005 (6Z,9Z,12Z,15Z,18Z,21Z)-tetracosahexaenoyl-CoA[c] + 0.0005 (7Z)-octadecenoyl-CoA[c] + 0.0005 (7Z)-tetradecenoyl-CoA[c] + 0.0011 (7Z,10Z,13Z,16Z)-docosatetraenoyl-CoA[c] + 0.0056 (7Z,10Z,13Z,16Z,19Z)-docosapentaenoyl-CoA[c] + 0.0005 (8Z,11Z)-eicosadienoyl-CoA[c] + 0.0178 (8Z,11Z,14Z,17Z)-eicosatetraenoyl-CoA[c] + 0.0005 (9E)-octadecenoyl-CoA[c] + 0.0005 (9E)-tetradecenoyl-CoA[c] + 0.0005 (9Z,12Z,15Z,18Z)-tetracosatetraenoyl-CoA[c] + 0.0005 (9Z,12Z,15Z,18Z,21Z)-tetracosapentaenoyl-CoA[c] + 0.0005 10,13,16,19-docosatetraenoyl-CoA[c] + 0.0005 10,13,16-docosatrienoyl-CoA[c] + 0.0005 12,15,18,21-tetracosatetraenoyl-CoA[c] + 0.0005 13,16,19-docosatrienoyl-CoA[c] + 0.0005 5-tetradecenoyl-CoA[c] + 0.0105 7-hexadecenoyl-CoA[c] + 0.0005 9-eicosenoyl-CoA[c] + 0.0005 9-heptadecenoyl-CoA[c] + 0.0709 arachidonyl-CoA[c] + 0.0271 cis-vaccenoyl-CoA[c] + 0.0228 dihomo-gamma-linolenoyl-CoA[c] + 0.0005 docosanoyl-CoA[c] + 0.0005 eicosanoyl-CoA[c] + 0.0036 gamma-linolenoyl-CoA[c] + 0.0005 heneicosanoyl-CoA[c] + 0.0005 heptadecanoyl-CoA[c] + 0.0005 hexacosanoyl-CoA[c] + 0.0005 hexacosenoyl-CoA[c] + 0.0005 lauroyl-CoA[c] + 0.0047 linolenoyl-CoA[c] + 0.2479 linoleoyl-CoA[c] + 0.0054 myristoyl-CoA[c] + 0.0005 nonadecanoyl-CoA[c] + 0.1143 oleoyl-CoA[c] + 0.0005 palmitoleoyl-CoA[c] + 0.2781 palmitoyl-CoA[c] + 0.0005 pentadecanoyl-CoA[c] + 0.1271 stearoyl-CoA[c] + 0.0005 tetracosanoyl-CoA[c] + 0.0005 tricosanoyl-CoA[c] + 0.0005 tridecanoyl-CoA[c] => acyl-CoA-LD-PC pool (liver tissue)[c]",,,,,,,vmhreaction/HMR_0548;sbo/SBO:0000176,Pool reactions,,,PMID:16137925,0,16.8292,0,-3.55E-15,0,0
MAR00021,,,alanine[c] + arginine[c] + asparagine[c] + aspartate[c] + cholesterol[c] + cholesterol-ester pool[r] + CL pool[c] + cysteine[c] + DNA[n] + DNA-5-methylcytosine[n] + glutamate[c] + glutamine[c] + glycine[c] + histidine[c] + isoleucine[c] + leucine[c] + lipid droplet[c] + lysine[c] + methionine[c] + phenylalanine[c] + phosphatidate-LD-TAG pool[c] + PI pool[c] + proline[c] + RNA[c] + serine[c] + SM pool[c] + threonine[c] + tryptophan[c] + tyrosine[c] + valine[c] + glycogen[c] + cofactors and vitamins[c] => biomass[c],,,,0,,,vmhreaction/biomass_components;sbo/SBO:0000629,Artificial reactions,,,,0,257,31,136,2,10
MAR05266,,,apo-[ACP][c] + 123 ATP[c] + 246 H2O[c] => 123 ADP[c] + 11 alanine[c] + 9 arginine[c] + asparagine[c] + 8 aspartate[c] + 2 cysteine[c] + 5 glutamate[c] + 7 glutamine[c] + 6 glycine[c] + 123 H+[c] + histidine[c] + 4 isoleucine[c] + 20 leucine[c] + 4 lysine[c] + 5 methionine[c] + 3 phenylalanine[c] + 123 Pi[c] + 9 proline[c] + 8 serine[c] + 6 threonine[c] + 4 tyrosine[c] + 11 valine[c],,,,,,,vmhreaction/r1358;sbo/SBO:0000176,Protein degradation,,,,0,-611,-165,-176,-7,0
MAR00558,,,"0.0005 1-acylglycerol-3P-10,13,16,19-doco[c] + 0.0005 1-acylglycerol-3P-10,13,16-docosa[c] + 0.0005 1-acylglycerol-3P-10-heptade[c] + 0.0005 1-acylglycerol-3P-11,14,17-eico[c] + 0.0005 1-acylglycerol-3P-11,14-eicosa[c] + 0.0005 1-acylglycerol-3P-11-docose[c] + 0.0005 1-acylglycerol-3P-11-eico[c] + 0.0005 1-acylglycerol-3P-12,15,18,21-tetra[c] + 0.0005 1-acylglycerol-3P-13,16,19-doco[c] + 0.0005 1-acylglycerol-3P-13,16-docosa[c] + 0.0005 1-acylglycerol-3P-13-docose[c] + 0.0005 1-acylglycerol-3P-13-eicose[c] + 0.0005 1-acylglycerol-3P-13-octade[c] + 0.0005 1-acylglycerol-3P-15-tetra[c] + 0.0931 1-acylglycerol-3P-4,7,10,13,16,19-doco[c] + 0.0055 1-acylglycerol-3P-4,7,10,13,16-docosa[c] + 0.0286 1-acylglycerol-3P-5,8,11,14,17-eico[c] + 0.0005 1-acylglycerol-3P-5,8,11-eico[c] + 0.0005 1-acylglycerol-3P-5-tetrade[c] + 0.0005 1-acylglycerol-3P-6,9,12,15,18,21-tetra[c] + 0.0005 1-acylglycerol-3P-6,9,12,15,18-tetraco[c] + 0.0025 1-acylglycerol-3P-6,9,12,15-octa[c] + 0.0005 1-acylglycerol-3P-6,9-octa[c] + 0.0329 1-acylglycerol-3P-7,10,13,16,19-docosa[c] + 0.0043 1-acylglycerol-3P-7,10,13,16-docosa[c] + 0.0058 1-acylglycerol-3P-7-hexade[c] + 0.0005 1-acylglycerol-3P-7-octade[c] + 0.0005 1-acylglycerol-3P-7-tetrade[c] + 0.0174 1-acylglycerol-3P-8,11,14,17-eico[c] + 0.0005 1-acylglycerol-3P-8,11-eico[c] + 0.0005 1-acylglycerol-3P-9,12,15,18,21-tetra[c] + 0.0005 1-acylglycerol-3P-9,12,15,18-tetraco[c] + 0.0005 1-acylglycerol-3P-9-eicose[c] + 0.0005 1-acylglycerol-3P-9-heptade[c] + 0.0005 1-acylglycerol-3P-9-octade[c] + 0.0005 1-acylglycerol-3P-9-tetrade[c] + 0.2005 1-acylglycerol-3P-arach[c] + 0.0131 1-acylglycerol-3P-cis-vac[c] + 0.0089 1-acylglycerol-3P-dihomo-gamma[c] + 0.0005 1-acylglycerol-3P-docosa[c] + 0.0005 1-acylglycerol-3P-eico[c] + 0.0011 1-acylglycerol-3P-gamma-lin[c] + 0.0005 1-acylglycerol-3P-heneico[c] + 0.0005 1-acylglycerol-3P-heptade[c] + 0.0005 1-acylglycerol-3P-hexacosa[c] + 0.0005 1-acylglycerol-3P-hexecose[c] + 0.0005 1-acylglycerol-3P-laur[c] + 0.0177 1-acylglycerol-3P-lin[c] + 0.0035 1-acylglycerol-3P-linolen[c] + 0.0055 1-acylglycerol-3P-myrist[c] + 0.0005 1-acylglycerol-3P-nanode[c] + 0.0323 1-acylglycerol-3P-ol[c] + 0.0337 1-acylglycerol-3P-palm[c] + 0.0005 1-acylglycerol-3P-palmn[c] + 0.0005 1-acylglycerol-3P-pentade[c] + 0.4731 1-acylglycerol-3P-stea[c] + 0.0005 1-acylglycerol-3P-tetraco[c] + 0.0005 1-acylglycerol-3P-trico[c] + 0.0005 1-acylglycerol-3P-tridec[c] => 1-acylglycerol-3P-LD-PS pool (liver tissue)[c]",,,,,,,vmhreaction/HMR_0558;sbo/SBO:0000176,Pool reactions,,,PMID:16137926,0,17.993,0,8.88E-16,0,0
MAR00556,,,"0.0005 1-acylglycerol-3P-10,13,16,19-doco[c] + 0.0005 1-acylglycerol-3P-10,13,16-docosa[c] + 0.0005 1-acylglycerol-3P-10-heptade[c] + 0.0005 1-acylglycerol-3P-11,14,17-eico[c] + 0.0005 1-acylglycerol-3P-11,14-eicosa[c] + 0.0005 1-acylglycerol-3P-11-docose[c] + 0.0005 1-acylglycerol-3P-11-eico[c] + 0.0005 1-acylglycerol-3P-12,15,18,21-tetra[c] + 0.0005 1-acylglycerol-3P-13,16,19-doco[c] + 0.0005 1-acylglycerol-3P-13,16-docosa[c] + 0.0005 1-acylglycerol-3P-13-docose[c] + 0.0005 1-acylglycerol-3P-13-eicose[c] + 0.0005 1-acylglycerol-3P-13-octade[c] + 0.0005 1-acylglycerol-3P-15-tetra[c] + 0.0252 1-acylglycerol-3P-4,7,10,13,16,19-doco[c] + 0.0039 1-acylglycerol-3P-4,7,10,13,16-docosa[c] + 0.0109 1-acylglycerol-3P-5,8,11,14,17-eico[c] + 0.0005 1-acylglycerol-3P-5,8,11-eico[c] + 0.0005 1-acylglycerol-3P-5-tetrade[c] + 0.0005 1-acylglycerol-3P-6,9,12,15,18,21-tetra[c] + 0.0005 1-acylglycerol-3P-6,9,12,15,18-tetraco[c] + 0.0026 1-acylglycerol-3P-6,9,12,15-octa[c] + 0.0005 1-acylglycerol-3P-6,9-octa[c] + 0.0056 1-acylglycerol-3P-7,10,13,16,19-docosa[c] + 0.0011 1-acylglycerol-3P-7,10,13,16-docosa[c] + 0.0105 1-acylglycerol-3P-7-hexade[c] + 0.0005 1-acylglycerol-3P-7-octade[c] + 0.0005 1-acylglycerol-3P-7-tetrade[c] + 0.0178 1-acylglycerol-3P-8,11,14,17-eico[c] + 0.0005 1-acylglycerol-3P-8,11-eico[c] + 0.0005 1-acylglycerol-3P-9,12,15,18,21-tetra[c] + 0.0005 1-acylglycerol-3P-9,12,15,18-tetraco[c] + 0.0005 1-acylglycerol-3P-9-eicose[c] + 0.0005 1-acylglycerol-3P-9-heptade[c] + 0.0005 1-acylglycerol-3P-9-octade[c] + 0.0005 1-acylglycerol-3P-9-tetrade[c] + 0.0709 1-acylglycerol-3P-arach[c] + 0.0271 1-acylglycerol-3P-cis-vac[c] + 0.0228 1-acylglycerol-3P-dihomo-gamma[c] + 0.0005 1-acylglycerol-3P-docosa[c] + 0.0005 1-acylglycerol-3P-eico[c] + 0.0036 1-acylglycerol-3P-gamma-lin[c] + 0.0005 1-acylglycerol-3P-heneico[c] + 0.0005 1-acylglycerol-3P-heptade[c] + 0.0005 1-acylglycerol-3P-hexacosa[c] + 0.0005 1-acylglycerol-3P-hexecose[c] + 0.0005 1-acylglycerol-3P-laur[c] + 0.2479 1-acylglycerol-3P-lin[c] + 0.0047 1-acylglycerol-3P-linolen[c] + 0.0054 1-acylglycerol-3P-myrist[c] + 0.0005 1-acylglycerol-3P-nanode[c] + 0.1143 1-acylglycerol-3P-ol[c] + 0.2781 1-acylglycerol-3P-palm[c] + 0.0005 1-acylglycerol-3P-palmn[c] + 0.0005 1-acylglycerol-3P-pentade[c] + 0.1271 1-acylglycerol-3P-stea[c] + 0.0005 1-acylglycerol-3P-tetraco[c] + 0.0005 1-acylglycerol-3P-trico[c] + 0.0005 1-acylglycerol-3P-tridec[c] => 1-acylglycerol-3P-LD-PC pool (liver tissue)[c]",,,,,,,vmhreaction/HMR_0556;sbo/SBO:0000176,Pool reactions,,,PMID:16137924,0,16.8292,0,0,0,0
MAR00687,,,"fatty acid-LD-TG3 pool (liver tissue)[c] => 0.0001 (10Z)-heptadecenoic acid[c] + 0.0001 (11Z,14Z)-eicosadienoic acid[c] + 0.0001 (11Z,14Z,17Z)-eicosatrienoic acid[c] + 0.0001 (13Z)-eicosenoic acid[c] + 0.0001 (13Z)-octadecenoic acid[c] + 0.0001 (13Z,16Z)-docosadienoic acid[c] + 0.0011 (4Z,7Z,10Z,13Z,16Z)-DPA[c] + 0.0001 (6Z,9Z)-octadecadienoic acid[c] + 0.0001 (6Z,9Z,12Z,15Z,18Z)-TPA[c] + 0.0001 (6Z,9Z,12Z,15Z,18Z,21Z)-THA[c] + 0.0001 (7Z)-octadecenoic acid[c] + 0.0001 (7Z)-tetradecenoic acid[c] + 0.0001 (9E)-tetradecenoic acid[c] + 0.0001 (9Z,12Z,15Z,18Z)-TTA[c] + 0.0001 (9Z,12Z,15Z,18Z,21Z)-TPA[c] + 0.0001 10,13,16,19-docosatetraenoic acid[c] + 0.0001 10,13,16-docosatriynoic acid[c] + 0.0001 12,15,18,21-tetracosatetraenoic acid[c] + 0.0001 13,16,19-docosatrienoic acid[c] + 0.0001 7-palmitoleic acid[c] + 0.0001 8,11-eicosadienoic acid[c] + 0.0001 9-eicosenoic acid[c] + 0.0001 9-heptadecylenic acid[c] + 0.0022 adrenic acid[c] + 0.0264 arachidonate[c] + 0.0001 behenic acid[c] + 0.0001 cerotic acid[c] + 0.0001 cis-cetoleic acid[c] + 0.0001 cis-erucic acid[c] + 0.0001 cis-gondoic acid[c] + 0.0194 cis-vaccenic acid[c] + 0.0221 DHA[c] + 0.0141 dihomo-gamma-linolenate[c] + 0.0038 DPA[c] + 0.0001 eicosanoate[c] + 0.0001 elaidate[c] + 0.0035 EPA[c] + 0.0081 gamma-linolenate[c] + 0.0001 henicosanoic acid[c] + 0.0001 lauric acid[c] + 0.0001 lignocerate[c] + 0.278 linoleate[c] + 0.0023 linolenate[c] + 0.0001 margaric acid[c] + 0.0001 mead acid[c] + 0.003 myristic acid[c] + 0.0001 nervonic acid[c] + 0.0001 nonadecylic acid[c] + 0.4519 oleate[c] + 0.0001 omega-3-arachidonic acid[c] + 0.0849 palmitate[c] + 0.014 palmitolate[c] + 0.0001 pentadecylic acid[c] + 0.0001 physeteric acid[c] + 0.0584 stearate[c] + 0.0026 stearidonic acid[c] + 0.0001 tricosanoic acid[c] + 0.0001 tridecylic acid[c] + 0.0001 ximenic acid[c]",,,,,,,vmhreaction/HMR_0687;sbo/SBO:0000176,Pool reactions,,,PMID:16137923,0,-17.0032,0,0,0,0
MAR00015,,,"NEFA blood pool in[e] => 0.0048 (10Z)-heptadecenoic acid[e] + 0.0016 (11Z,14Z)-eicosadienoic acid[e] + 0.0016 (11Z,14Z,17Z)-eicosatrienoic acid[e] + 0.0001 (13Z)-eicosenoic acid[e] + 0.0001 (13Z)-octadecenoic acid[e] + 0.0001 (13Z,16Z)-docosadienoic acid[e] + 0.0001 (4Z,7Z,10Z,13Z,16Z)-DPA[e] + 0.0001 (6Z,9Z)-octadecadienoic acid[e] + 0.0001 (6Z,9Z,12Z,15Z,18Z)-TPA[e] + 0.0001 (6Z,9Z,12Z,15Z,18Z,21Z)-THA[e] + 0.0001 (7Z)-octadecenoic acid[e] + 0.0001 (7Z)-tetradecenoic acid[e] + 0.0001 (9E)-tetradecenoic acid[e] + 0.0001 (9Z,12Z,15Z,18Z)-TTA[e] + 0.0001 (9Z,12Z,15Z,18Z,21Z)-TPA[e] + 0.0001 10,13,16,19-docosatetraenoic acid[e] + 0.0001 10,13,16-docosatriynoic acid[e] + 0.0001 12,15,18,21-tetracosatetraenoic acid[e] + 0.0001 13,16,19-docosatrienoic acid[e] + 0.0001 7-palmitoleic acid[e] + 0.0001 8,11-eicosadienoic acid[e] + 0.0001 9-eicosenoic acid[e] + 0.0001 9-heptadecylenic acid[e] + 0.0017 adrenic acid[e] + 0.0137 arachidonate[e] + 0.0007 behenic acid[e] + 0.0005 cerotic acid[e] + 0.0001 cis-cetoleic acid[e] + 0.0002 cis-erucic acid[e] + 0.0001 cis-gondoic acid[e] + 0.0001 cis-vaccenic acid[e] + 0.0046 DHA[e] + 0.0025 dihomo-gamma-linolenate[e] + 0.0019 DPA[e] + 0.0011 eicosanoate[e] + 0.0001 elaidate[e] + 0.002 EPA[e] + 0.0048 gamma-linolenate[e] + 0.0001 henicosanoic acid[e] + 0.0034 lauric acid[e] + 0.0012 lignocerate[e] + 0.071 linoleate[e] + 0.0005 linolenate[e] + 0.0056 margaric acid[e] + 0.0005 mead acid[e] + 0.0283 myristic acid[e] + 0.0003 nervonic acid[e] + 0.0001 nonadecylic acid[e] + 0.3746 oleate[e] + 0.0001 omega-3-arachidonic acid[e] + 0.2949 palmitate[e] + 0.0686 palmitolate[e] + 0.003 pentadecylic acid[e] + 0.0001 physeteric acid[e] + 0.1031 stearate[e] + 0.0001 stearidonic acid[e] + 0.0002 tricosanoic acid[e] + 0.0001 tridecylic acid[e] + 0.0001 ximenic acid[e]",,,,,,,vmhreaction/HMR_0015;sbo/SBO:0000176,Transport reactions,,,,0,-16.222,0,0,0,0
MAR00031,,,"0.19 1,2-diacylglycerol-LD-TAG pool[c] + 0.0014 1-acyl-PE pool[c] + 0.0024 1-radyl-2-acyl-sn-glycero-3-phosphocholine[c] + 0.0006 2-lysolecithin pool[c] + 0.005 cholesterol[c] + 0.34 cholesterol-ester pool[c] + 0.0008 O-1-alk-1-enyl-2-acyl-sn-glycero-3-phosphoethanolamine[c] + 0.0092 PC-LD pool[c] + 0.0034 PE-LD pool[c] + 0.0016 PI pool[c] + 0.0002 PS-LD pool[c] + 0.0004 SM pool[c] + 0.44 TAG-LD pool[c] + 0.005 fatty acid pool[c] => lipid droplet[c]",,ENSG00000105355 or ENSG00000139914 or ENSG00000147872 or ENSG00000166819 or ENSG00000167676 or ENSG00000168000 or ENSG00000176194 or ENSG00000197296,,,,,vmhreaction/HMR_0031;sbo/SBO:0000176,Pool reactions,,,,0,13.4364,0.0188,4.4474,0,0.02
MAR10035,,1-acylglycerol-3-phosphate pool formation and breakdown,"1-acylglycerol-3P pool[c] <=> 0.0004 1-acylglycerol-3P-10,13,16,19-doco[c] + 0.0004 1-acylglycerol-3P-10,13,16-docosa[c] + 0.0004 1-acylglycerol-3P-10-heptade[c] + 0.0004 1-acylglycerol-3P-11,14,17-eico[c] + 0.0004 1-acylglycerol-3P-11,14-eicosa[c] + 0.0004 1-acylglycerol-3P-11-docose[c] + 0.0004 1-acylglycerol-3P-11-eico[c] + 0.0004 1-acylglycerol-3P-12,15,18,21-tetra[c] + 0.0004 1-acylglycerol-3P-13,16,19-doco[c] + 0.0004 1-acylglycerol-3P-13,16-docosa[c] + 0.0004 1-acylglycerol-3P-13-docose[c] + 0.0004 1-acylglycerol-3P-13-eicose[c] + 0.0004 1-acylglycerol-3P-13-octade[c] + 0.0004 1-acylglycerol-3P-15-tetra[c] + 0.0278 1-acylglycerol-3P-4,7,10,13,16,19-doco[c] + 0.0038 1-acylglycerol-3P-4,7,10,13,16-docosa[c] + 0.0116 1-acylglycerol-3P-5,8,11,14,17-eico[c] + 0.0004 1-acylglycerol-3P-5,8,11-eico[c] + 0.0004 1-acylglycerol-3P-5-tetrade[c] + 0.0004 1-acylglycerol-3P-6,9,12,15,18,21-tetra[c] + 0.0004 1-acylglycerol-3P-6,9,12,15,18-tetraco[c] + 0.0025 1-acylglycerol-3P-6,9,12,15-octa[c] + 0.0004 1-acylglycerol-3P-6,9-octa[c] + 0.0059 1-acylglycerol-3P-7,10,13,16,19-docosa[c] + 0.0014 1-acylglycerol-3P-7,10,13,16-docosa[c] + 0.0004 1-acylglycerol-3P-7-hexade[c] + 0.0004 1-acylglycerol-3P-7-octade[c] + 0.0004 1-acylglycerol-3P-7-tetrade[c] + 0.0115 1-acylglycerol-3P-8,11,14,17-eico[c] + 0.0004 1-acylglycerol-3P-8,11-eico[c] + 0.0004 1-acylglycerol-3P-9,12,15,18,21-tetra[c] + 0.0004 1-acylglycerol-3P-9,12,15,18-tetraco[c] + 0.0004 1-acylglycerol-3P-9-eicose[c] + 0.0004 1-acylglycerol-3P-9-heptade[c] + 0.0004 1-acylglycerol-3P-9-octade[c] + 0.0004 1-acylglycerol-3P-9-tetrade[c] + 0.1083 1-acylglycerol-3P-arach[c] + 0.025 1-acylglycerol-3P-cis-vac[c] + 0.0215 1-acylglycerol-3P-dihomo-gamma[c] + 0.0004 1-acylglycerol-3P-docosa[c] + 0.0004 1-acylglycerol-3P-eico[c] + 0.0029 1-acylglycerol-3P-gamma-lin[c] + 0.0004 1-acylglycerol-3P-heneico[c] + 0.0004 1-acylglycerol-3P-heptade[c] + 0.0004 1-acylglycerol-3P-hexacosa[c] + 0.0004 1-acylglycerol-3P-hexecose[c] + 0.0004 1-acylglycerol-3P-laur[c] + 0.1915 1-acylglycerol-3P-lin[c] + 0.0084 1-acylglycerol-3P-linolen[c] + 0.0133 1-acylglycerol-3P-myrist[c] + 0.0004 1-acylglycerol-3P-nanode[c] + 0.1545 1-acylglycerol-3P-ol[c] + 0.222 1-acylglycerol-3P-palm[c] + 0.0219 1-acylglycerol-3P-palmn[c] + 0.0004 1-acylglycerol-3P-pentade[c] + 0.1498 1-acylglycerol-3P-stea[c] + 0.0004 1-acylglycerol-3P-tetraco[c] + 0.0004 1-acylglycerol-3P-trico[c] + 0.0004 1-acylglycerol-3P-tridec[c]",,,,,,,sbo/SBO:0000176,Pool reactions,,,,0,-16.9524,0,0,0,0
MAR07601,,,1-alkyl-2-acylglycerophosphoethanolamine[c] + H+[c] + NADPH[c] + O2[c] => 2 H2O[c] + NADP+[c] + O-1-alk-1-enyl-2-acyl-sn-glycero-3-phosphoethanolamine[c],1.14.99.19,,,,,,kegg.reaction/R04571;bigg.reaction/AGLPED;vmhreaction/AGLPED;metanetx.reaction/MNXR108971;metanetx.reaction/MNXR95533;sbo/SBO:0000176,Glycerophospholipid metabolism,,,,0,-2,0,0,0,0